Log,Score
"www.sitgesanytime.com 80.32.126.242 - - [22/Jan/2024:00:33:35 +0100] ""GET /comu/fancybox/helpers/jquery.fancybox-thumbs.css?v=1.0.7 HTTP/2.0"" 200 363 ""https://www.sitgesanytime.com/es/explora/descubrimos-nuestro-legado/un-paseo-por-el-casco-antiguo.htm"" ""Mozilla/5.0 (iPhone; CPU iPhone OS 17_2_1 like Mac OS X) AppleWebKit/605.1.15 (KHTML, like Gecko) Version/17.2 Mobile/15E148 Safari/604.1""",1.847664713859558
"www.sitgesanytime.com 80.32.126.242 - - [22/Jan/2024:00:33:35 +0100] ""GET /comu/js/jquery.form.min.js HTTP/2.0"" 200 5919 ""https://www.sitgesanytime.com/es/explora/descubrimos-nuestro-legado/un-paseo-por-el-casco-antiguo.htm"" ""Mozilla/5.0 (iPhone; CPU iPhone OS 17_2_1 like Mac OS X) AppleWebKit/605.1.15 (KHTML, like Gecko) Version/17.2 Mobile/15E148 Safari/604.1""",1.7434251308441162
"www.sitgesfilmoffice.es 149.56.150.164 - - [22/Jan/2024:00:34:30 +0100] ""GET /en/humans.txt HTTP/1.1"" 404 2654 ""http://www.sitgesfilmoffice.es/humans.txt"" ""Mozilla/5.0 (compatible; Dataprovider.com)""",1.6823136806488037
"www.sitgesanytime.com 67.245.0.90 - - [22/Jan/2024:00:42:43 +0100] ""GET /comu/fancybox/helpers/jquery.fancybox-buttons.css?v=1.0.5 HTTP/2.0"" 200 721 ""https://www.sitgesanytime.com/en/pl355/explore/festivals-of-interest/id3/sitges-carnival.htm"" ""Mozilla/5.0 (iPhone; CPU iPhone OS 16_1_1 like Mac OS X) AppleWebKit/605.1.15 (KHTML, like Gecko) Version/16.1 Mobile/15E148 Safari/604.1""",0.947188675403595
"www.sitgesanytime.com 67.245.0.90 - - [22/Jan/2024:00:42:43 +0100] ""GET /plantilles/turisme/css/estils-mw900.css?v=8 HTTP/2.0"" 200 2344 ""https://www.sitgesanytime.com/en/pl355/explore/festivals-of-interest/id3/sitges-carnival.htm"" ""Mozilla/5.0 (iPhone; CPU iPhone OS 16_1_1 like Mac OS X) AppleWebKit/605.1.15 (KHTML, like Gecko) Version/16.1 Mobile/15E148 Safari/604.1""",0.9394853711128235
"www.sitgesanytime.com 67.245.0.90 - - [22/Jan/2024:00:42:43 +0100] ""GET /comu/flowplayer/skin/skin.css HTTP/2.0"" 200 6057 ""https://www.sitgesanytime.com/en/pl355/explore/festivals-of-interest/id3/sitges-carnival.htm"" ""Mozilla/5.0 (iPhone; CPU iPhone OS 16_1_1 like Mac OS X) AppleWebKit/605.1.15 (KHTML, like Gecko) Version/16.1 Mobile/15E148 Safari/604.1""",0.9392041563987732
"www.sitgesanytime.com 67.245.0.90 - - [22/Jan/2024:00:42:43 +0100] ""GET /comu/fancybox/helpers/jquery.fancybox-media.js?v=1.0.6 HTTP/2.0"" 200 2033 ""https://www.sitgesanytime.com/en/pl355/explore/festivals-of-interest/id3/sitges-carnival.htm"" ""Mozilla/5.0 (iPhone; CPU iPhone OS 16_1_1 like Mac OS X) AppleWebKit/605.1.15 (KHTML, like Gecko) Version/16.1 Mobile/15E148 Safari/604.1""",0.9392041563987732
"www.sitgesanytime.com 67.245.0.90 - - [22/Jan/2024:00:42:43 +0100] ""GET /comu/js/jquery.oncssanimationend.js HTTP/2.0"" 200 536 ""https://www.sitgesanytime.com/en/pl355/explore/festivals-of-interest/id3/sitges-carnival.htm"" ""Mozilla/5.0 (iPhone; CPU iPhone OS 16_1_1 like Mac OS X) AppleWebKit/605.1.15 (KHTML, like Gecko) Version/16.1 Mobile/15E148 Safari/604.1""",0.9392005801200867
"www.sitgesanytime.com 67.245.0.90 - - [22/Jan/2024:00:42:43 +0100] ""GET /plantilles/turisme/css/estils-mw1200.css?v=7 HTTP/2.0"" 200 228 ""https://www.sitgesanytime.com/en/pl355/explore/festivals-of-interest/id3/sitges-carnival.htm"" ""Mozilla/5.0 (iPhone; CPU iPhone OS 16_1_1 like Mac OS X) AppleWebKit/605.1.15 (KHTML, like Gecko) Version/16.1 Mobile/15E148 Safari/604.1""",0.9390819072723389
"www.sitgesanytime.com 67.245.0.90 - - [22/Jan/2024:00:42:43 +0100] ""GET /comu/js/jquery-3.6.0.min.js HTTP/2.0"" 200 30901 ""https://www.sitgesanytime.com/en/pl355/explore/festivals-of-interest/id3/sitges-carnival.htm"" ""Mozilla/5.0 (iPhone; CPU iPhone OS 16_1_1 like Mac OS X) AppleWebKit/605.1.15 (KHTML, like Gecko) Version/16.1 Mobile/15E148 Safari/604.1""",0.9389231204986572
"www.sitgesanytime.com 67.245.0.90 - - [22/Jan/2024:00:42:43 +0100] ""GET /comu/fancybox/helpers/jquery.fancybox-buttons.js?v=1.0.5 HTTP/2.0"" 200 1157 ""https://www.sitgesanytime.com/en/pl355/explore/festivals-of-interest/id3/sitges-carnival.htm"" ""Mozilla/5.0 (iPhone; CPU iPhone OS 16_1_1 like Mac OS X) AppleWebKit/605.1.15 (KHTML, like Gecko) Version/16.1 Mobile/15E148 Safari/604.1""",0.9376926422119141
"www.sitgesanytime.com 68.82.33.245 - - [22/Jan/2024:00:31:18 +0100] ""GET /plantilles/turisme/js/dates.js HTTP/2.0"" 200 3598 ""https://www.sitgesanytime.com/en/news/calendar.htm"" ""Mozilla/5.0 (iPhone; CPU iPhone OS 17_2_1 like Mac OS X) AppleWebKit/605.1.15 (KHTML, like Gecko) Version/17.2 Mobile/15E148 Safari/604.1""",0.7009224891662598
"www.sitgesfilmoffice.es 149.56.150.164 - - [22/Jan/2024:00:34:28 +0100] ""GET /en/lnk30/privacy-policy.htm HTTP/1.1"" 200 38833 ""-"" ""Mozilla/5.0 (compatible; Dataprovider.com)""",0.6940128207206726
"www.sitgesanytime.com 67.245.0.90 - - [22/Jan/2024:00:42:43 +0100] ""GET /en/pl355/explore/festivals-of-interest/id3/sitges-carnival.htm HTTP/2.0"" 200 10549 ""https://www.google.com/"" ""Mozilla/5.0 (iPhone; CPU iPhone OS 16_1_1 like Mac OS X) AppleWebKit/605.1.15 (KHTML, like Gecko) Version/16.1 Mobile/15E148 Safari/604.1""",0.6899430751800537
"www.sitgesanytime.com 216.244.66.199 - - [22/Jan/2024:00:42:09 +0100] ""GET /ca/noticias/177/las-visitas-guiadas-al-palau-de-maricel-se-ampl%C3%ADan-durante-la-semana-santa.html HTTP/1.1"" 404 7269 ""-"" ""Mozilla/5.0 (compatible; DotBot/1.2; +https://opensiteexplorer.org/dotbot; help@moz.com)""",0.6895667910575867
"sitgesanytime.com 47.76.35.19 - - [22/Jan/2024:14:58:33 +0100] ""HEAD /fr/pl409/blog/id100/sitges-diumeng.htm?cat_409=445 HTTP/1.1"" 301 4833 ""-"" ""Mozilla/5.0 (Windows NT 6.0; Win64; x64) AppleWebKit/537.36 (KHTML, like Gecko) Chrome/62.0.3087.125 Safari/537.36""",0.6882939338684082
"www.sitgesanytime.com 68.82.33.245 - - [22/Jan/2024:00:31:20 +0100] ""GET /plantilles/turisme/img/temps3/31.svg HTTP/2.0"" 200 4813 ""https://www.sitgesanytime.com/en/news/calendar.htm"" ""Mozilla/5.0 (iPhone; CPU iPhone OS 17_2_1 like Mac OS X) AppleWebKit/605.1.15 (KHTML, like Gecko) Version/17.2 Mobile/15E148 Safari/604.1""",0.6877753138542175
"www.sitgesanytime.com 176.9.10.174 - - [22/Jan/2024:14:59:12 +0100] ""GET /nl/pl415/blog/lijst-met-blogs/id7/eten-in-sitges-en-ondertussen-heel-erg-gelukkig-blijven.htm?cat_415=445 HTTP/1.1"" 200 11288 ""-"" ""Mozilla/5.0 (compatible; AwarioBot/1.0; +https://awario.com/bots.html)""",0.6872938871383667
"www.sitgesanytime.com 66.249.70.97 - - [22/Jan/2024:00:32:14 +0100] ""GET /comu/js/jquery.browser.js HTTP/1.1"" 200 1988 ""https://www.sitgesanytime.com/es/pl409/blog.htm?pg=2"" ""Mozilla/5.0 AppleWebKit/537.36 (KHTML, like Gecko; compatible; Googlebot/2.1; +http://www.google.com/bot.html) Chrome/120.0.6099.199 Safari/537.36""",0.68721604347229
"www.sitgesanytime.com 17.22.253.15 - - [22/Jan/2024:00:32:34 +0100] ""GET /plantilles/turisme/js/dates.js HTTP/1.1"" 200 9798 ""https://www.sitgesanytime.com/de/erleben/aktivtourismus.htm"" ""Mozilla/5.0 (Macintosh; Intel Mac OS X 10_15_5) AppleWebKit/605.1.15 (KHTML, like Gecko) Version/13.1.1 Safari/605.1.15 (Applebot/0.1; +http://www.apple.com/go/applebot)""",0.68721604347229
"www.sitgesanytime.com 68.82.33.245 - - [22/Jan/2024:00:31:56 +0100] ""GET /imgs/pictogramestaules/cultura64.png HTTP/2.0"" 301 55 ""https://www.sitgesanytime.com/en/pl330/news/calendar/id1077/sant-jordi-2024.htm"" ""Mozilla/5.0 (iPhone; CPU iPhone OS 17_2_1 like Mac OS X) AppleWebKit/605.1.15 (KHTML, like Gecko) Version/17.2 Mobile/15E148 Safari/604.1""",0.6868007779121399
"www.sitgesanytime.com 68.82.33.245 - - [22/Jan/2024:00:31:56 +0100] ""GET /en/imgs/pictogramestaules/festa64.png HTTP/2.0"" 200 2360 ""https://www.sitgesanytime.com/en/pl330/news/calendar/id1077/sant-jordi-2024.htm"" ""Mozilla/5.0 (iPhone; CPU iPhone OS 17_2_1 like Mac OS X) AppleWebKit/605.1.15 (KHTML, like Gecko) Version/17.2 Mobile/15E148 Safari/604.1""",0.6867561340332031
"www.sitgesanytime.com 68.82.33.245 - - [22/Jan/2024:00:31:18 +0100] ""GET /media/site1/cache/images/twitter-logo-x2.png HTTP/2.0"" 200 1460 ""https://www.sitgesanytime.com/en/news/calendar.htm"" ""Mozilla/5.0 (iPhone; CPU iPhone OS 17_2_1 like Mac OS X) AppleWebKit/605.1.15 (KHTML, like Gecko) Version/17.2 Mobile/15E148 Safari/604.1""",0.6848530769348145
"www.sitgesanytime.com 68.82.33.245 - - [22/Jan/2024:00:31:35 +0100] ""GET /plantilles/turisme/eltemps/wstemps.php?site=1&lang=en HTTP/2.0"" 200 454 ""https://www.sitgesanytime.com/en/news/calendar.htm"" ""Mozilla/5.0 (iPhone; CPU iPhone OS 17_2_1 like Mac OS X) AppleWebKit/605.1.15 (KHTML, like Gecko) Version/17.2 Mobile/15E148 Safari/604.1""",0.6844199299812317
"www.sitgesanytime.com 69.63.189.117 - - [22/Jan/2024:00:42:35 +0100] ""GET /ca/media/site1/cache/images/xvora-interior-redim-w445-h500.jpg.pagespeed.ic.cZPrg7ZwcD.jpg HTTP/2.0"" 404 283 ""-"" ""facebookexternalhit/1.1 (+http://www.facebook.com/externalhit_uatext.php)""",0.6812616586685181
"www.sitgesanytime.com 111.225.148.132 - - [22/Jan/2024:00:42:42 +0100] ""GET / HTTP/2.0"" 301 302 ""-"" ""Mozilla/5.0 (Linux; Android 5.0) AppleWebKit/537.36 (KHTML, like Gecko) Mobile Safari/537.36 (compatible; Bytespider; spider-feedback@bytedance.com)""",0.6812448501586914
"www.sitgesanytime.com 66.249.70.98 - - [22/Jan/2024:00:42:30 +0100] ""GET /ca/ HTTP/1.1"" 200 17953 ""-"" ""Mozilla/5.0 (Linux; Android 6.0.1; Nexus 5X Build/MMB29P) AppleWebKit/537.36 (KHTML, like Gecko) Chrome/120.0.6099.224 Mobile Safari/537.36 (compatible; Googlebot/2.1; +http://www.google.com/bot.html)""",0.6811068058013916
"www.sitgesfilmoffice.es 149.56.150.164 - - [22/Jan/2024:00:34:18 +0100] ""GET /en/ HTTP/1.1"" 200 60103 ""-"" ""Mozilla/5.0 (compatible; Dataprovider.com)""",0.6808086633682251
"www.sitgesfilmoffice.es 149.56.150.164 - - [22/Jan/2024:00:34:20 +0100] ""GET /en/thm4/explore/made-for-you.htm HTTP/1.1"" 200 37541 ""-"" ""Mozilla/5.0 (compatible; Dataprovider.com)""",0.6808076500892639
"www.bestsitges.es 66.249.64.65 - - [22/Jan/2024:00:42:39 +0100] ""GET /ca/planifica-el-teu-viatge/sitges-en-1-dia.htm HTTP/1.1"" 200 8481 ""-"" ""Mozilla/5.0 (Linux; Android 6.0.1; Nexus 5X Build/MMB29P) AppleWebKit/537.36 (KHTML, like Gecko) Chrome/120.0.6099.224 Mobile Safari/537.36 (compatible; Googlebot/2.1; +http://www.google.com/bot.html)""",0.6807931661605835
"www.sitgesanytime.com 66.249.70.101 - - [22/Jan/2024:00:34:28 +0100] ""GET /robots.txt HTTP/1.1"" 301 538 ""-"" ""Mozilla/5.0 (compatible; Googlebot/2.1; +http://www.google.com/bot.html)""",0.6807770133018494
"www.sitgesanytime.com 67.245.0.90 - - [22/Jan/2024:00:42:43 +0100] ""GET /comu/js/jquery.browser.js HTTP/2.0"" 200 1535 ""https://www.sitgesanytime.com/en/pl355/explore/festivals-of-interest/id3/sitges-carnival.htm"" ""Mozilla/5.0 (iPhone; CPU iPhone OS 16_1_1 like Mac OS X) AppleWebKit/605.1.15 (KHTML, like Gecko) Version/16.1 Mobile/15E148 Safari/604.1""",0.6807553172111511
"www.sitgesanytime.com 80.32.126.242 - - [22/Jan/2024:00:33:35 +0100] ""GET /plantilles/turisme/js/responsivemenu.js?v=3 HTTP/2.0"" 200 1913 ""https://www.sitgesanytime.com/es/explora/descubrimos-nuestro-legado/un-paseo-por-el-casco-antiguo.htm"" ""Mozilla/5.0 (iPhone; CPU iPhone OS 17_2_1 like Mac OS X) AppleWebKit/605.1.15 (KHTML, like Gecko) Version/17.2 Mobile/15E148 Safari/604.1""",0.6806859374046326
"www.sitgesanytime.com 67.245.0.90 - - [22/Jan/2024:00:42:43 +0100] ""GET /plantilles/turisme/css/font/Intro-Black-Caps.woff2 HTTP/2.0"" 200 14746 ""https://www.sitgesanytime.com/en/pl355/explore/festivals-of-interest/id3/sitges-carnival.htm"" ""Mozilla/5.0 (iPhone; CPU iPhone OS 16_1_1 like Mac OS X) AppleWebKit/605.1.15 (KHTML, like Gecko) Version/16.1 Mobile/15E148 Safari/604.1""",0.680667519569397
"www.sitgesanytime.com 69.63.189.117 - - [22/Jan/2024:00:42:34 +0100] ""GET /media/site1/cache/images/xvora-interior-redim-w445-h500.jpg.pagespeed.ic.cZPrg7ZwcD.jpg HTTP/2.0"" 301 354 ""-"" ""facebookexternalhit/1.1 (+http://www.facebook.com/externalhit_uatext.php)""",0.680616021156311
"www.sitgesanytime.com 80.32.126.242 - - [22/Jan/2024:00:33:46 +0100] ""GET /media/site1/cache/images/carrer-d-en-bosch-redim-prop-w480-h480.jpg HTTP/2.0"" 200 56182 ""https://www.sitgesanytime.com/es/explora/descubrimos-nuestro-legado/un-paseo-por-el-casco-antiguo.htm"" ""Mozilla/5.0 (iPhone; CPU iPhone OS 17_2_1 like Mac OS X) AppleWebKit/605.1.15 (KHTML, like Gecko) Version/17.2 Mobile/15E148 Safari/604.1""",0.6805211901664734
"www.sitgesanytime.com 80.32.126.242 - - [22/Jan/2024:00:33:53 +0100] ""GET /plantilles/turisme/img/logo-biosphere-gold.png HTTP/2.0"" 200 25387 ""https://www.sitgesanytime.com/es/explora/descubrimos-nuestro-legado/un-paseo-por-el-casco-antiguo.htm"" ""Mozilla/5.0 (iPhone; CPU iPhone OS 17_2_1 like Mac OS X) AppleWebKit/605.1.15 (KHTML, like Gecko) Version/17.2 Mobile/15E148 Safari/604.1""",0.6804983019828796
"www.sitgesanytime.com 40.77.167.7 - - [22/Jan/2024:00:41:50 +0100] ""GET /ca/pl424/que-fer/turisme-nautic/id68/club-nautic-garraf.htm HTTP/2.0"" 200 10312 ""-"" ""Mozilla/5.0 AppleWebKit/537.36 (KHTML, like Gecko; compatible; bingbot/2.0; +http://www.bing.com/bingbot.htm) Chrome/116.0.1938.76 Safari/537.36""",0.6804217100143433
"www.bestsitges.net 66.249.64.201 - - [22/Jan/2024:00:41:32 +0100] ""GET /ca/robots.txt HTTP/1.1"" 200 700 ""-"" ""Mozilla/5.0 (compatible; Googlebot/2.1; +http://www.google.com/bot.html)""",0.6804196834564209
"www.sitgesanytime.com 67.245.0.90 - - [22/Jan/2024:00:42:43 +0100] ""GET /plantilles/turisme/favicon/site.webmanifest HTTP/2.0"" 200 881 ""https://www.sitgesanytime.com/en/pl355/explore/festivals-of-interest/id3/sitges-carnival.htm"" ""Mozilla/5.0 (iPhone; CPU iPhone OS 16_1_1 like Mac OS X) AppleWebKit/605.1.15 (KHTML, like Gecko) Version/16.1 Mobile/15E148 Safari/604.1""",0.6802269816398621
"www.sitgesanytime.com 111.225.148.132 - - [22/Jan/2024:00:42:42 +0100] ""GET /en/ HTTP/2.0"" 200 11368 ""-"" ""Mozilla/5.0 (Linux; Android 5.0) AppleWebKit/537.36 (KHTML, like Gecko) Mobile Safari/537.36 (compatible; Bytespider; spider-feedback@bytedance.com)""",0.68012934923172
"www.sitgesanytime.com 168.119.68.238 - - [22/Jan/2024:14:58:25 +0100] ""GET /plantilles/turisme/css/menu-mw800.css?v=5 HTTP/2.0"" 200 2960 ""https://www.sitgesanytime.com/de/pag492/pl96/explora-platges-i-ports-2/id2/balmins.htm"" ""Mozilla/5.0 (compatible; AhrefsBot/7.0; +http://ahrefs.com/robot/)""",0.6799616813659668
"www.sitgesanytime.com 66.249.70.97 - - [22/Jan/2024:00:32:13 +0100] ""GET /comu/js/jquery.hoverIntent.minified.js HTTP/1.1"" 200 1536 ""https://www.sitgesanytime.com/es/pl409/blog.htm?pg=2"" ""Mozilla/5.0 AppleWebKit/537.36 (KHTML, like Gecko; compatible; Googlebot/2.1; +http://www.google.com/bot.html) Chrome/120.0.6099.199 Safari/537.36""",0.6799306869506836
"www.sitgesanytime.com 68.82.33.245 - - [22/Jan/2024:00:31:18 +0100] ""GET /plantilles/turisme/css/menu-mw800.css?v=5 HTTP/2.0"" 200 2960 ""https://www.sitgesanytime.com/en/news/calendar.htm"" ""Mozilla/5.0 (iPhone; CPU iPhone OS 17_2_1 like Mac OS X) AppleWebKit/605.1.15 (KHTML, like Gecko) Version/17.2 Mobile/15E148 Safari/604.1""",0.679881751537323
"91.134.184.72 167.94.145.58 - - [22/Jan/2024:00:32:21 +0100] ""GET / HTTP/1.1"" 301 537 ""-"" ""Mozilla/5.0 (compatible; CensysInspect/1.1; +https://about.censys.io/)""",0.6798763871192932
"www.sitgesfilmoffice.es 149.56.150.164 - - [22/Jan/2024:00:34:25 +0100] ""GET /de/ HTTP/1.1"" 200 60972 ""-"" ""Mozilla/5.0 (compatible; Dataprovider.com)""",0.6798728108406067
"www.sitgesfilmoffice.es 149.56.150.164 - - [22/Jan/2024:00:34:23 +0100] ""GET /es/ HTTP/1.1"" 200 60827 ""-"" ""Mozilla/5.0 (compatible; Dataprovider.com)""",0.6798700094223022
"www.sitgesanytime.com 66.249.70.97 - - [22/Jan/2024:00:33:40 +0100] ""GET /fr/pl349/actualites/nouvelles/id513/la-segona-edicio-de-capvespres-musicals-a-la-bilbioteca-santiago-rusinol.htm HTTP/1.1"" 200 11501 ""-"" ""Mozilla/5.0 (Linux; Android 6.0.1; Nexus 5X Build/MMB29P) AppleWebKit/537.36 (KHTML, like Gecko) Chrome/120.0.6099.224 Mobile Safari/537.36 (compatible; Googlebot/2.1; +http://www.google.com/bot.html)""",0.6798698306083679
"www.sitgesanytime.com 66.249.70.97 - - [22/Jan/2024:00:33:39 +0100] ""GET /en/pl355/explore/festivals-of-interest/id3/sitges-carnival.htm HTTP/1.1"" 200 16627 ""-"" ""Mozilla/5.0 (Linux; Android 6.0.1; Nexus 5X Build/MMB29P) AppleWebKit/537.36 (KHTML, like Gecko) Chrome/120.0.6099.224 Mobile Safari/537.36 (compatible; Googlebot/2.1; +http://www.google.com/bot.html)""",0.679865300655365
"www.sitgesfilmoffice.es 149.56.150.164 - - [22/Jan/2024:00:34:27 +0100] ""GET /newsletter.php HTTP/1.1"" 301 505 ""-"" ""Mozilla/5.0 (compatible; Dataprovider.com)""",0.6798573136329651
"www.sitgesfilmoffice.es 149.56.150.164 - - [22/Jan/2024:00:34:20 +0100] ""GET /en/sitemap.xml HTTP/1.1"" 404 2654 ""http://www.sitgesfilmoffice.es/sitemap.xml"" ""Mozilla/5.0 (compatible; Dataprovider.com)""",0.6798502206802368
"www.sitgesanytime.com 17.241.227.78 - - [22/Jan/2024:00:32:25 +0100] ""POST /comu/cookies.php HTTP/1.1"" 200 6720 ""https://www.sitgesanytime.com/en/plan-your-trip/sitges-in-a-day.htm"" ""Mozilla/5.0 (Macintosh; Intel Mac OS X 10_15_5) AppleWebKit/605.1.15 (KHTML, like Gecko) Version/13.1.1 Safari/605.1.15 (Applebot/0.1; +http://www.apple.com/go/applebot)""",0.6798501014709473
"www.sitgesfilmoffice.es 149.56.150.164 - - [22/Jan/2024:00:34:18 +0100] ""GET / HTTP/1.1"" 301 581 ""-"" ""Mozilla/5.0 (compatible; Dataprovider.com)""",0.6798496842384338
"www.sitgesanytime.com 80.32.126.242 - - [22/Jan/2024:00:33:36 +0100] ""GET /media/site1/cache/images/per-que-sitges-redim-enc.jpg HTTP/2.0"" 200 76007 ""https://www.sitgesanytime.com/es/explora/descubrimos-nuestro-legado/un-paseo-por-el-casco-antiguo.htm"" ""Mozilla/5.0 (iPhone; CPU iPhone OS 17_2_1 like Mac OS X) AppleWebKit/605.1.15 (KHTML, like Gecko) Version/17.2 Mobile/15E148 Safari/604.1""",0.6798474788665771
"www.sitgesanytime.com 168.119.68.178 - - [22/Jan/2024:14:58:00 +0100] ""GET /plantilles/turisme/eltemps/wstemps.php?site=1&lang=es HTTP/2.0"" 200 454 ""https://www.sitgesanytime.com/es/planifica-el-teu-viatge/mapa-de-servicios/id25/bodegas-torre-del-veguer.htm"" ""Mozilla/5.0 (compatible; AhrefsBot/7.0; +http://ahrefs.com/robot/)""",0.6798421144485474
"www.sitgesanytime.com 80.32.126.242 - - [22/Jan/2024:00:33:53 +0100] ""GET /plantilles/turisme/img/logo-dti.png HTTP/2.0"" 200 15171 ""https://www.sitgesanytime.com/es/explora/descubrimos-nuestro-legado/un-paseo-por-el-casco-antiguo.htm"" ""Mozilla/5.0 (iPhone; CPU iPhone OS 17_2_1 like Mac OS X) AppleWebKit/605.1.15 (KHTML, like Gecko) Version/17.2 Mobile/15E148 Safari/604.1""",0.6798108816146851
"www.sitgesanytime.com 80.32.126.242 - - [22/Jan/2024:00:33:48 +0100] ""GET /media/site1/cache/images/explora-descobrim-el-nostres-llegat-casc-antic-placa-ajuntament-redim-prop-w480-h480.jpg HTTP/2.0"" 200 45317 ""https://www.sitgesanytime.com/es/explora/descubrimos-nuestro-legado/un-paseo-por-el-casco-antiguo.htm"" ""Mozilla/5.0 (iPhone; CPU iPhone OS 17_2_1 like Mac OS X) AppleWebKit/605.1.15 (KHTML, like Gecko) Version/17.2 Mobile/15E148 Safari/604.1""",0.679810106754303
"www.sitgesanytime.com 68.82.33.245 - - [22/Jan/2024:00:31:59 +0100] ""GET /plantilles/turisme/favicon/favicon.ico HTTP/2.0"" 200 15160 ""https://www.sitgesanytime.com/en/pl330/news/calendar/id1077/sant-jordi-2024.htm"" ""Mozilla/5.0 (iPhone; CPU iPhone OS 17_2_1 like Mac OS X) AppleWebKit/605.1.15 (KHTML, like Gecko) Version/17.2 Mobile/15E148 Safari/604.1""",0.679790198802948
"www.sitgesanytime.com 66.249.70.97 - - [22/Jan/2024:00:32:24 +0100] ""GET /plantilles/turisme/eltemps/wstemps.php?site=1&lang=es HTTP/1.1"" 200 852 ""https://www.sitgesanytime.com/es/pl409/blog.htm?pg=2"" ""Mozilla/5.0 AppleWebKit/537.36 (KHTML, like Gecko; compatible; Googlebot/2.1; +http://www.google.com/bot.html) Chrome/120.0.6099.199 Safari/537.36""",0.679790198802948
"www.sitgesanytime.com 47.76.35.19 - - [22/Jan/2024:14:59:04 +0100] ""HEAD /es/pl409/blog/id64/festival-de-jazz-de-sitges.htm?cat_409=445 HTTP/1.1"" 200 5260 ""-"" ""Mozilla/5.0 (Windows NT 6.1; Win64; x64) AppleWebKit/537.36 (KHTML, like Gecko) Chrome/66.0.3820.74 Safari/537.36""",0.67973393201828
"sitgesanytime.com 47.76.35.19 - - [22/Jan/2024:14:59:11 +0100] ""GET /de/pl30/planen-sie-ihre-reise/sitges-auf-einen-blick/id27/port-del-garraf.htm HTTP/1.1"" 301 701 ""-"" ""Mozilla/5.0 (Windows NT 6.2; Win64; x64) AppleWebKit/537.36 (KHTML, like Gecko) Chrome/75.0.3141.73 Safari/537.36""",0.6797317862510681
"www.sitgesanytime.com 66.249.70.97 - - [22/Jan/2024:00:32:11 +0100] ""GET /plantilles/turisme/js/responsivemenu.js?v=3 HTTP/1.1"" 200 2425 ""https://www.sitgesanytime.com/es/pl409/blog.htm?pg=2"" ""Mozilla/5.0 AppleWebKit/537.36 (KHTML, like Gecko; compatible; Googlebot/2.1; +http://www.google.com/bot.html) Chrome/120.0.6099.199 Safari/537.36""",0.6797278523445129
"www.sitgesanytime.com 17.22.245.236 - - [22/Jan/2024:00:32:32 +0100] ""GET /comu/js/jquery-ui-1.13.1/jquery-ui.min.css HTTP/1.1"" 200 14157 ""https://www.sitgesanytime.com/de/erleben/aktivtourismus.htm"" ""Mozilla/5.0 (Macintosh; Intel Mac OS X 10_15_5) AppleWebKit/605.1.15 (KHTML, like Gecko) Version/13.1.1 Safari/605.1.15 (Applebot/0.1; +http://www.apple.com/go/applebot)""",0.6797278523445129
"www.sitgesfilmoffice.es 149.56.150.164 - - [22/Jan/2024:00:34:19 +0100] ""GET /robots.txt HTTP/1.1"" 301 565 ""-"" ""Mozilla/5.0 (compatible; Dataprovider.com)""",0.6797274351119995
"www.sitgesfilmoffice.es 149.56.150.164 - - [22/Jan/2024:00:34:27 +0100] ""GET /nl/newsletter.php HTTP/1.1"" 200 46326 ""http://www.sitgesfilmoffice.es/newsletter.php"" ""Mozilla/5.0 (compatible; Dataprovider.com)""",0.6797272562980652
"www.sitgesfilmoffice.es 149.56.150.164 - - [22/Jan/2024:00:34:24 +0100] ""GET /fr/ HTTP/1.1"" 200 61298 ""-"" ""Mozilla/5.0 (compatible; Dataprovider.com)""",0.6796634197235107
"www.sitgesanytime.com 80.32.126.242 - - [22/Jan/2024:00:33:38 +0100] ""GET /plantilles/turisme/favicon/favicon.svg HTTP/2.0"" 200 5527 ""https://www.sitgesanytime.com/es/explora/descubrimos-nuestro-legado/un-paseo-por-el-casco-antiguo.htm"" ""Mozilla/5.0 (iPhone; CPU iPhone OS 17_2_1 like Mac OS X) AppleWebKit/605.1.15 (KHTML, like Gecko) Version/17.2 Mobile/15E148 Safari/604.1""",0.6796526908874512
"www.sitgesanytime.com 66.249.70.97 - - [22/Jan/2024:00:33:39 +0100] ""GET /de/pl30/planifica-tu-viaje/mapa-de-servicios/id563/vallcarca.htm HTTP/1.1"" 404 2758 ""-"" ""Mozilla/5.0 (Linux; Android 6.0.1; Nexus 5X Build/MMB29P) AppleWebKit/537.36 (KHTML, like Gecko) Chrome/120.0.6099.224 Mobile Safari/537.36 (compatible; Googlebot/2.1; +http://www.google.com/bot.html)""",0.6796437501907349
"www.sitgesfilmoffice.es 149.56.150.164 - - [22/Jan/2024:00:34:20 +0100] ""GET /sitemap.xml HTTP/1.1"" 301 502 ""-"" ""Mozilla/5.0 (compatible; Dataprovider.com)""",0.6796151995658875
"www.sitgesfilmoffice.es 149.56.150.164 - - [22/Jan/2024:00:34:21 +0100] ""GET /ca/ HTTP/1.1"" 200 60559 ""-"" ""Mozilla/5.0 (compatible; Dataprovider.com)""",0.6795786023139954
"www.sitgesanytime.com 80.32.126.242 - - [22/Jan/2024:00:33:38 +0100] ""GET /plantilles/turisme/img/temps3/31.svg HTTP/2.0"" 200 4813 ""https://www.sitgesanytime.com/es/explora/descubrimos-nuestro-legado/un-paseo-por-el-casco-antiguo.htm"" ""Mozilla/5.0 (iPhone; CPU iPhone OS 17_2_1 like Mac OS X) AppleWebKit/605.1.15 (KHTML, like Gecko) Version/17.2 Mobile/15E148 Safari/604.1""",0.6795691847801208
"www.sitgesanytime.com 68.82.33.245 - - [22/Jan/2024:00:31:56 +0100] ""GET /imgs/pictogramestaules/festa64.png HTTP/2.0"" 301 57 ""https://www.sitgesanytime.com/en/pl330/news/calendar/id1077/sant-jordi-2024.htm"" ""Mozilla/5.0 (iPhone; CPU iPhone OS 17_2_1 like Mac OS X) AppleWebKit/605.1.15 (KHTML, like Gecko) Version/17.2 Mobile/15E148 Safari/604.1""",0.6795005798339844
"www.sitgesanytime.com 66.249.70.97 - - [22/Jan/2024:00:32:05 +0100] ""GET /plantilles/turisme/css/menu-mw800.css?v=5 HTTP/1.1"" 200 3482 ""https://www.sitgesanytime.com/es/pl409/blog.htm?pg=2"" ""Mozilla/5.0 AppleWebKit/537.36 (KHTML, like Gecko; compatible; Googlebot/2.1; +http://www.google.com/bot.html) Chrome/120.0.6099.199 Safari/537.36""",0.6794938445091248
"www.sitgesanytime.com 68.82.33.245 - - [22/Jan/2024:00:31:54 +0100] ""GET /en/pl330/news/calendar/id1077/sant-jordi-2024.htm HTTP/2.0"" 200 13238 ""https://www.sitgesanytime.com/en/pl330/news/calendar.htm?pg=3"" ""Mozilla/5.0 (iPhone; CPU iPhone OS 17_2_1 like Mac OS X) AppleWebKit/605.1.15 (KHTML, like Gecko) Version/17.2 Mobile/15E148 Safari/604.1""",0.6794537901878357
"www.sitgesanytime.com 68.82.33.245 - - [22/Jan/2024:00:31:39 +0100] ""GET /media/site1/cache/images/sitges-next-24-redim-w480-h480.jpg HTTP/2.0"" 200 21610 ""https://www.sitgesanytime.com/en/pl330/news/calendar.htm?pg=3"" ""Mozilla/5.0 (iPhone; CPU iPhone OS 17_2_1 like Mac OS X) AppleWebKit/605.1.15 (KHTML, like Gecko) Version/17.2 Mobile/15E148 Safari/604.1""",0.6794512867927551
"www.sitgesfilmoffice.cat 66.249.64.70 - - [22/Jan/2024:00:33:42 +0100] ""GET /ca/pl355/explora/festes-d-interes/id30/festa-major-de-sitges.htm HTTP/1.1"" 200 10377 ""-"" ""Mozilla/5.0 (Linux; Android 6.0.1; Nexus 5X Build/MMB29P) AppleWebKit/537.36 (KHTML, like Gecko) Chrome/120.0.6099.224 Mobile Safari/537.36 (compatible; Googlebot/2.1; +http://www.google.com/bot.html)""",0.6794379353523254
"www.sitgesanytime.com 80.32.126.242 - - [22/Jan/2024:00:33:54 +0100] ""GET /plantilles/turisme/img/logo-cat-viles-marineres.gif HTTP/2.0"" 200 9337 ""https://www.sitgesanytime.com/es/explora/descubrimos-nuestro-legado/un-paseo-por-el-casco-antiguo.htm"" ""Mozilla/5.0 (iPhone; CPU iPhone OS 17_2_1 like Mac OS X) AppleWebKit/605.1.15 (KHTML, like Gecko) Version/17.2 Mobile/15E148 Safari/604.1""",0.6794283390045166
"www.sitgesfilmoffice.es 149.56.150.164 - - [22/Jan/2024:00:34:29 +0100] ""GET /login.php HTTP/1.1"" 301 500 ""-"" ""Mozilla/5.0 (compatible; Dataprovider.com)""",0.6794151663780212
"www.sitgesfilmoffice.es 149.56.150.164 - - [22/Jan/2024:00:34:30 +0100] ""GET /humans.txt HTTP/1.1"" 301 501 ""-"" ""Mozilla/5.0 (compatible; Dataprovider.com)""",0.6794111132621765
"www.sitgesanytime.com 66.249.70.97 - - [22/Jan/2024:00:32:19 +0100] ""GET /plantilles/turisme/js/dates.js HTTP/1.1"" 200 4111 ""https://www.sitgesanytime.com/es/pl409/blog.htm?pg=2"" ""Mozilla/5.0 AppleWebKit/537.36 (KHTML, like Gecko; compatible; Googlebot/2.1; +http://www.google.com/bot.html) Chrome/120.0.6099.199 Safari/537.36""",0.6794032454490662
"www.sitgesanytime.com 68.82.33.245 - - [22/Jan/2024:00:31:18 +0100] ""GET /plantilles/turisme/img/ico-globe.svg HTTP/2.0"" 200 422 ""https://www.sitgesanytime.com/en/news/calendar.htm"" ""Mozilla/5.0 (iPhone; CPU iPhone OS 17_2_1 like Mac OS X) AppleWebKit/605.1.15 (KHTML, like Gecko) Version/17.2 Mobile/15E148 Safari/604.1""",0.6793782114982605
"www.sitgesanytime.com 68.82.33.245 - - [22/Jan/2024:00:31:25 +0100] ""GET /plantilles/turisme/img/logo-peu-costa-barcelona.jpg HTTP/2.0"" 200 56837 ""https://www.sitgesanytime.com/en/news/calendar.htm"" ""Mozilla/5.0 (iPhone; CPU iPhone OS 17_2_1 like Mac OS X) AppleWebKit/605.1.15 (KHTML, like Gecko) Version/17.2 Mobile/15E148 Safari/604.1""",0.6793782114982605
"www.sitgesanytime.com 68.82.33.245 - - [22/Jan/2024:00:31:18 +0100] ""GET /plantilles/turisme/css/animate.css HTTP/2.0"" 200 4768 ""https://www.sitgesanytime.com/en/news/calendar.htm"" ""Mozilla/5.0 (iPhone; CPU iPhone OS 17_2_1 like Mac OS X) AppleWebKit/605.1.15 (KHTML, like Gecko) Version/17.2 Mobile/15E148 Safari/604.1""",0.679368793964386
"www.sitgesanytime.com 68.82.33.245 - - [22/Jan/2024:00:31:20 +0100] ""GET /plantilles/turisme/img/ico-arrow-down.gif HTTP/2.0"" 200 1397 ""https://www.sitgesanytime.com/en/news/calendar.htm"" ""Mozilla/5.0 (iPhone; CPU iPhone OS 17_2_1 like Mac OS X) AppleWebKit/605.1.15 (KHTML, like Gecko) Version/17.2 Mobile/15E148 Safari/604.1""",0.6793359518051147
"www.sitgesanytime.com 68.82.33.245 - - [22/Jan/2024:00:31:19 +0100] ""GET /media/site1/cache/images/aguila-cuabarrada-garraf-redim-w480-h480.jpg HTTP/2.0"" 200 34709 ""https://www.sitgesanytime.com/en/news/calendar.htm"" ""Mozilla/5.0 (iPhone; CPU iPhone OS 17_2_1 like Mac OS X) AppleWebKit/605.1.15 (KHTML, like Gecko) Version/17.2 Mobile/15E148 Safari/604.1""",0.6793298721313477
"www.sitgesanytime.com 68.82.33.245 - - [22/Jan/2024:00:31:35 +0100] ""GET /en/news/calendar.htm HTTP/2.0"" 200 11202 ""https://www.google.com/"" ""Mozilla/5.0 (iPhone; CPU iPhone OS 17_2_1 like Mac OS X) AppleWebKit/605.1.15 (KHTML, like Gecko) Version/17.2 Mobile/15E148 Safari/604.1""",0.6793273687362671
"www.sitgesanytime.com 68.82.33.245 - - [22/Jan/2024:00:31:18 +0100] ""GET /plantilles/turisme/css/font/Intro-Black-Alt.woff2 HTTP/2.0"" 200 25008 ""https://www.sitgesanytime.com/en/news/calendar.htm"" ""Mozilla/5.0 (iPhone; CPU iPhone OS 17_2_1 like Mac OS X) AppleWebKit/605.1.15 (KHTML, like Gecko) Version/17.2 Mobile/15E148 Safari/604.1""",0.6793211698532104
"www.sitgesanytime.com 68.82.33.245 - - [22/Jan/2024:00:31:19 +0100] ""GET /media/site1/cache/images/cavalls-lliures-2-redim-w480-h480.jpg HTTP/2.0"" 200 30358 ""https://www.sitgesanytime.com/en/news/calendar.htm"" ""Mozilla/5.0 (iPhone; CPU iPhone OS 17_2_1 like Mac OS X) AppleWebKit/605.1.15 (KHTML, like Gecko) Version/17.2 Mobile/15E148 Safari/604.1""",0.6793074607849121
"www.sitgesanytime.com 17.241.219.21 - - [22/Jan/2024:00:32:17 +0100] ""GET /plantilles/turisme/favicon/site.webmanifest HTTP/1.1"" 200 6908 ""https://www.sitgesanytime.com/en/plan-your-trip/sitges-in-a-day.htm"" ""Mozilla/5.0 (Macintosh; Intel Mac OS X 10_15_5) AppleWebKit/605.1.15 (KHTML, like Gecko) Version/13.1.1 Safari/605.1.15 (Applebot/0.1; +http://www.apple.com/go/applebot)""",0.6793074011802673
"www.sitgesanytime.com 68.82.33.245 - - [22/Jan/2024:00:31:18 +0100] ""GET /plantilles/turisme/img/logo-top.svg HTTP/2.0"" 200 190555 ""https://www.sitgesanytime.com/en/news/calendar.htm"" ""Mozilla/5.0 (iPhone; CPU iPhone OS 17_2_1 like Mac OS X) AppleWebKit/605.1.15 (KHTML, like Gecko) Version/17.2 Mobile/15E148 Safari/604.1""",0.6793036460876465
"www.sitgesanytime.com 68.82.33.245 - - [22/Jan/2024:00:31:31 +0100] ""GET /media/site1/cache/images/international-bears-sitges-meeting-redim-w480-h480.jpg HTTP/2.0"" 200 25424 ""https://www.sitgesanytime.com/en/pl330/news/calendar.htm?pg=4"" ""Mozilla/5.0 (iPhone; CPU iPhone OS 17_2_1 like Mac OS X) AppleWebKit/605.1.15 (KHTML, like Gecko) Version/17.2 Mobile/15E148 Safari/604.1""",0.6792916655540466
"www.sitgesanytime.com 80.32.126.242 - - [22/Jan/2024:00:33:38 +0100] ""GET /plantilles/turisme/img/temps3/31.svg HTTP/2.0"" 200 4813 ""https://www.sitgesanytime.com/es/explora/descubrimos-nuestro-legado/un-paseo-por-el-casco-antiguo.htm"" ""Mozilla/5.0 (iPhone; CPU iPhone OS 17_2_1 like Mac OS X) AppleWebKit/605.1.15 (KHTML, like Gecko) Version/17.2 Mobile/15E148 Safari/604.1""",0.6792660355567932
"www.sitgesanytime.com 80.32.126.242 - - [22/Jan/2024:00:33:35 +0100] ""GET /plantilles/turisme/css/font/Brushways.woff HTTP/2.0"" 200 160032 ""https://www.sitgesanytime.com/es/explora/descubrimos-nuestro-legado/un-paseo-por-el-casco-antiguo.htm"" ""Mozilla/5.0 (iPhone; CPU iPhone OS 17_2_1 like Mac OS X) AppleWebKit/605.1.15 (KHTML, like Gecko) Version/17.2 Mobile/15E148 Safari/604.1""",0.6792610883712769
"www.sitgesanytime.com 80.32.126.242 - - [22/Jan/2024:00:33:53 +0100] ""GET /plantilles/turisme/img/logo-peu-costa-barcelona.jpg HTTP/2.0"" 200 56837 ""https://www.sitgesanytime.com/es/explora/descubrimos-nuestro-legado/un-paseo-por-el-casco-antiguo.htm"" ""Mozilla/5.0 (iPhone; CPU iPhone OS 17_2_1 like Mac OS X) AppleWebKit/605.1.15 (KHTML, like Gecko) Version/17.2 Mobile/15E148 Safari/604.1""",0.6792598962783813
"www.sitgesanytime.com 68.82.33.245 - - [22/Jan/2024:00:31:31 +0100] ""POST /comu/cookies.php HTTP/2.0"" 200 173 ""https://www.sitgesanytime.com/en/pl330/news/calendar.htm?pg=4"" ""Mozilla/5.0 (iPhone; CPU iPhone OS 17_2_1 like Mac OS X) AppleWebKit/605.1.15 (KHTML, like Gecko) Version/17.2 Mobile/15E148 Safari/604.1""",0.6792530417442322
"www.sitgesanytime.com 216.244.66.199 - - [22/Jan/2024:00:42:27 +0100] ""GET /ca/noticias/177/los-museos-reciben-cerca-de-2.400-visitantes-durante-la-semana-santa.html HTTP/1.1"" 404 7269 ""-"" ""Mozilla/5.0 (compatible; DotBot/1.2; +https://opensiteexplorer.org/dotbot; help@moz.com)""",0.6792261004447937
"www.sitgesanytime.com 68.82.33.245 - - [22/Jan/2024:00:31:18 +0100] ""GET /media/site1/cache/images/facebook-logo-x2.png HTTP/2.0"" 200 789 ""https://www.sitgesanytime.com/en/news/calendar.htm"" ""Mozilla/5.0 (iPhone; CPU iPhone OS 17_2_1 like Mac OS X) AppleWebKit/605.1.15 (KHTML, like Gecko) Version/17.2 Mobile/15E148 Safari/604.1""",0.6792176365852356
"91.134.184.72 167.94.145.58 - - [22/Jan/2024:00:32:26 +0100] ""GET /plantilles/turisme/favicon/apple-touch-icon.png HTTP/1.1"" 200 4830 ""-"" ""Mozilla/5.0 (compatible; CensysInspect/1.1; +https://about.censys.io/)""",0.6791923642158508
"www.sitgesanytime.com 68.82.33.245 - - [22/Jan/2024:00:31:56 +0100] ""GET /en/imgs/pictogramestaules/cultura64.png HTTP/2.0"" 200 765 ""https://www.sitgesanytime.com/en/pl330/news/calendar/id1077/sant-jordi-2024.htm"" ""Mozilla/5.0 (iPhone; CPU iPhone OS 17_2_1 like Mac OS X) AppleWebKit/605.1.15 (KHTML, like Gecko) Version/17.2 Mobile/15E148 Safari/604.1""",0.6791614294052124
"www.sitgesanytime.com 111.225.148.132 - - [22/Jan/2024:00:42:45 +0100] ""GET /plantilles/turisme/img/logo-peu.png HTTP/2.0"" 200 5547 ""https://www.sitgesanytime.com/en/"" ""Mozilla/5.0 (Linux; Android 5.0) AppleWebKit/537.36 (KHTML, like Gecko) Mobile Safari/537.36 (compatible; Bytespider; spider-feedback@bytedance.com)""",0.679160475730896
"www.sitgesanytime.com 68.82.33.245 - - [22/Jan/2024:00:31:18 +0100] ""GET /comu/select2/select2.min.js HTTP/2.0"" 200 19941 ""https://www.sitgesanytime.com/en/news/calendar.htm"" ""Mozilla/5.0 (iPhone; CPU iPhone OS 17_2_1 like Mac OS X) AppleWebKit/605.1.15 (KHTML, like Gecko) Version/17.2 Mobile/15E148 Safari/604.1""",0.679153323173523
"www.sitgesanytime.com 68.82.33.245 - - [22/Jan/2024:00:31:56 +0100] ""GET /plantilles/turisme/eltemps/wstemps.php?site=1&lang=en HTTP/2.0"" 200 454 ""https://www.sitgesanytime.com/en/pl330/news/calendar/id1077/sant-jordi-2024.htm"" ""Mozilla/5.0 (iPhone; CPU iPhone OS 17_2_1 like Mac OS X) AppleWebKit/605.1.15 (KHTML, like Gecko) Version/17.2 Mobile/15E148 Safari/604.1""",0.6791488528251648
"www.sitgesanytime.com 168.119.68.178 - - [22/Jan/2024:14:58:01 +0100] ""GET /plantilles/turisme/img/temps3/31.svg HTTP/2.0"" 200 4871 ""https://www.sitgesanytime.com/es/planifica-el-teu-viatge/mapa-de-servicios/id25/bodegas-torre-del-veguer.htm"" ""Mozilla/5.0 (compatible; AhrefsBot/7.0; +http://ahrefs.com/robot/)""",0.679148256778717
"www.sitgesanytime.com 68.82.33.245 - - [22/Jan/2024:00:31:18 +0100] ""GET /plantilles/turisme/css/estils-mw900.css?v=8 HTTP/2.0"" 200 2344 ""https://www.sitgesanytime.com/en/news/calendar.htm"" ""Mozilla/5.0 (iPhone; CPU iPhone OS 17_2_1 like Mac OS X) AppleWebKit/605.1.15 (KHTML, like Gecko) Version/17.2 Mobile/15E148 Safari/604.1""",0.6791464686393738
"www.sitgesfilmoffice.es 149.56.150.164 - - [22/Jan/2024:00:34:29 +0100] ""GET /en/login.php HTTP/1.1"" 200 38204 ""http://www.sitgesfilmoffice.es/login.php"" ""Mozilla/5.0 (compatible; Dataprovider.com)""",0.6791242957115173
"www.sitgesanytime.com 66.249.70.97 - - [22/Jan/2024:00:34:28 +0100] ""GET /nl/pl330/nieuws/kalender/id902/visita-al-palau-de-maricel-16.htm HTTP/1.1"" 200 16595 ""-"" ""Mozilla/5.0 (Linux; Android 6.0.1; Nexus 5X Build/MMB29P) AppleWebKit/537.36 (KHTML, like Gecko) Chrome/120.0.6099.224 Mobile Safari/537.36 (compatible; Googlebot/2.1; +http://www.google.com/bot.html)""",0.6791119575500488
"www.sitgesanytime.com 68.82.33.245 - - [22/Jan/2024:00:31:30 +0100] ""GET /en/pl330/news/calendar.htm?pg=4 HTTP/2.0"" 200 10369 ""https://www.sitgesanytime.com/en/news/calendar.htm"" ""Mozilla/5.0 (iPhone; CPU iPhone OS 17_2_1 like Mac OS X) AppleWebKit/605.1.15 (KHTML, like Gecko) Version/17.2 Mobile/15E148 Safari/604.1""",0.6791032552719116
"www.sitgesanytime.com 68.82.33.245 - - [22/Jan/2024:00:31:18 +0100] ""GET /media/site1/cache/images/instagram-logo-x2.png HTTP/2.0"" 200 1770 ""https://www.sitgesanytime.com/en/news/calendar.htm"" ""Mozilla/5.0 (iPhone; CPU iPhone OS 17_2_1 like Mac OS X) AppleWebKit/605.1.15 (KHTML, like Gecko) Version/17.2 Mobile/15E148 Safari/604.1""",0.6790931820869446
"www.sitgesanytime.com 68.82.33.245 - - [22/Jan/2024:00:31:18 +0100] ""GET /plantilles/turisme/css/estils-mw1200.css?v=7 HTTP/2.0"" 200 221 ""https://www.sitgesanytime.com/en/news/calendar.htm"" ""Mozilla/5.0 (iPhone; CPU iPhone OS 17_2_1 like Mac OS X) AppleWebKit/605.1.15 (KHTML, like Gecko) Version/17.2 Mobile/15E148 Safari/604.1""",0.6790742874145508
"www.sitgesanytime.com 168.119.68.238 - - [22/Jan/2024:14:58:25 +0100] ""GET /comu/fancybox/helpers/jquery.fancybox-buttons.css?v=1.0.5 HTTP/2.0"" 200 744 ""https://www.sitgesanytime.com/de/pag492/pl96/explora-platges-i-ports-2/id2/balmins.htm"" ""Mozilla/5.0 (compatible; AhrefsBot/7.0; +http://ahrefs.com/robot/)""",0.6790706515312195
"www.sitgesanytime.com 111.225.148.132 - - [22/Jan/2024:00:42:45 +0100] ""GET /plantilles/turisme/img/ajuntament-sitges.gif HTTP/2.0"" 200 5331 ""https://www.sitgesanytime.com/en/"" ""Mozilla/5.0 (Linux; Android 5.0) AppleWebKit/537.36 (KHTML, like Gecko) Mobile Safari/537.36 (compatible; Bytespider; spider-feedback@bytedance.com)""",0.6790602803230286
"www.sitgesanytime.com 168.119.68.178 - - [22/Jan/2024:14:58:00 +0100] ""GET /comu/js/FormChek.js HTTP/2.0"" 200 11040 ""https://www.sitgesanytime.com/es/planifica-el-teu-viatge/mapa-de-servicios/id25/bodegas-torre-del-veguer.htm"" ""Mozilla/5.0 (compatible; AhrefsBot/7.0; +http://ahrefs.com/robot/)""",0.6790602803230286
"www.sitgesanytime.com 68.82.33.245 - - [22/Jan/2024:00:31:19 +0100] ""GET /plantilles/turisme/img/temps3/31.svg HTTP/2.0"" 200 4813 ""https://www.sitgesanytime.com/en/news/calendar.htm"" ""Mozilla/5.0 (iPhone; CPU iPhone OS 17_2_1 like Mac OS X) AppleWebKit/605.1.15 (KHTML, like Gecko) Version/17.2 Mobile/15E148 Safari/604.1""",0.6790481209754944
"www.sitgesanytime.com 68.82.33.245 - - [22/Jan/2024:00:31:18 +0100] ""GET /plantilles/turisme/css/menu-screen.css?v=5 HTTP/2.0"" 200 1949 ""https://www.sitgesanytime.com/en/news/calendar.htm"" ""Mozilla/5.0 (iPhone; CPU iPhone OS 17_2_1 like Mac OS X) AppleWebKit/605.1.15 (KHTML, like Gecko) Version/17.2 Mobile/15E148 Safari/604.1""",0.6790477633476257
"www.sitgesanytime.com 68.82.33.245 - - [22/Jan/2024:00:32:37 +0100] ""GET /en/news/calendar.htm HTTP/2.0"" 200 10986 ""https://www.google.com/"" ""Mozilla/5.0 (iPhone; CPU iPhone OS 17_2_1 like Mac OS X) AppleWebKit/605.1.15 (KHTML, like Gecko) Version/17.2 Mobile/15E148 Safari/604.1""",0.6790428161621094
"www.sitgesanytime.com 68.82.33.245 - - [22/Jan/2024:00:31:18 +0100] ""GET /media/site1/cache/images/youtube-logo-x2.png HTTP/2.0"" 200 1014 ""https://www.sitgesanytime.com/en/news/calendar.htm"" ""Mozilla/5.0 (iPhone; CPU iPhone OS 17_2_1 like Mac OS X) AppleWebKit/605.1.15 (KHTML, like Gecko) Version/17.2 Mobile/15E148 Safari/604.1""",0.6790388822555542
"www.sitgesanytime.com 176.9.10.174 - - [22/Jan/2024:14:58:52 +0100] ""GET /nl/pl415/blog/lijst-met-blogs/id63/een-route-met-smaak-en-een-paspoort.htm?cat_415=445 HTTP/1.1"" 200 17974 ""-"" ""Mozilla/5.0 (compatible; AwarioBot/1.0; +https://awario.com/bots.html)""",0.6790371537208557
"www.sitgesanytime.com 68.82.33.245 - - [22/Jan/2024:00:32:38 +0100] ""GET /plantilles/turisme/eltemps/wstemps.php?site=1&lang=en HTTP/2.0"" 200 394 ""https://www.sitgesanytime.com/en/news/calendar.htm"" ""Mozilla/5.0 (iPhone; CPU iPhone OS 17_2_1 like Mac OS X) AppleWebKit/605.1.15 (KHTML, like Gecko) Version/17.2 Mobile/15E148 Safari/604.1""",0.6790338754653931
"www.sitgesanytime.com 80.32.126.242 - - [22/Jan/2024:00:33:35 +0100] ""GET /comu/js/jquery.oncssanimationend.js HTTP/2.0"" 200 618 ""https://www.sitgesanytime.com/es/explora/descubrimos-nuestro-legado/un-paseo-por-el-casco-antiguo.htm"" ""Mozilla/5.0 (iPhone; CPU iPhone OS 17_2_1 like Mac OS X) AppleWebKit/605.1.15 (KHTML, like Gecko) Version/17.2 Mobile/15E148 Safari/604.1""",0.6790338754653931
"www.sitgesanytime.com 68.82.33.245 - - [22/Jan/2024:00:31:18 +0100] ""GET /plantilles/turisme/js/accions.js?v=6 HTTP/2.0"" 200 4467 ""https://www.sitgesanytime.com/en/news/calendar.htm"" ""Mozilla/5.0 (iPhone; CPU iPhone OS 17_2_1 like Mac OS X) AppleWebKit/605.1.15 (KHTML, like Gecko) Version/17.2 Mobile/15E148 Safari/604.1""",0.6790321469306946
"www.sitgesanytime.com 68.82.33.245 - - [22/Jan/2024:00:31:19 +0100] ""GET /media/site1/cache/images/ermita-de-sant-sebasti-redim-w480-h480.jpeg HTTP/2.0"" 200 28841 ""https://www.sitgesanytime.com/en/news/calendar.htm"" ""Mozilla/5.0 (iPhone; CPU iPhone OS 17_2_1 like Mac OS X) AppleWebKit/605.1.15 (KHTML, like Gecko) Version/17.2 Mobile/15E148 Safari/604.1""",0.6790315508842468
"www.sitgesanytime.com 66.249.70.97 - - [22/Jan/2024:00:32:22 +0100] ""GET /plantilles/turisme/css/estils-mw500.css?v=14 HTTP/1.1"" 200 1732 ""https://www.sitgesanytime.com/es/pl409/blog.htm?pg=2"" ""Mozilla/5.0 AppleWebKit/537.36 (KHTML, like Gecko; compatible; Googlebot/2.1; +http://www.google.com/bot.html) Chrome/120.0.6099.199 Safari/537.36""",0.6790220737457275
"www.sitgesanytime.com 17.22.253.59 - - [22/Jan/2024:00:32:31 +0100] ""GET /comu/select2/select2.min.js HTTP/1.1"" 200 26243 ""https://www.sitgesanytime.com/de/erleben/aktivtourismus.htm"" ""Mozilla/5.0 (Macintosh; Intel Mac OS X 10_15_5) AppleWebKit/605.1.15 (KHTML, like Gecko) Version/13.1.1 Safari/605.1.15 (Applebot/0.1; +http://www.apple.com/go/applebot)""",0.6790220737457275
"www.sitgesanytime.com 66.249.70.98 - - [22/Jan/2024:00:32:04 +0100] ""GET /plantilles/turisme/css/estils-mw900.css?v=8 HTTP/1.1"" 200 8530 ""https://www.sitgesanytime.com/es/pl409/blog.htm?pg=2"" ""Mozilla/5.0 AppleWebKit/537.36 (KHTML, like Gecko; compatible; Googlebot/2.1; +http://www.google.com/bot.html) Chrome/120.0.6099.199 Safari/537.36""",0.6790139079093933
"www.sitgesanytime.com 17.241.219.143 - - [22/Jan/2024:00:32:24 +0100] ""GET /plantilles/turisme/eltemps/wstemps.php?site=1&lang=en HTTP/1.1"" 200 6539 ""https://www.sitgesanytime.com/en/plan-your-trip/sitges-in-a-day.htm"" ""Mozilla/5.0 (Macintosh; Intel Mac OS X 10_15_5) AppleWebKit/605.1.15 (KHTML, like Gecko) Version/13.1.1 Safari/605.1.15 (Applebot/0.1; +http://www.apple.com/go/applebot)""",0.6790139079093933
"www.sitgesanytime.com 47.76.35.19 - - [22/Jan/2024:14:59:10 +0100] ""HEAD /de/pl30/planen-sie-ihre-reise/sitges-auf-einen-blick/id27/port-del-garraf.htm HTTP/1.1"" 200 5260 ""-"" ""Mozilla/5.0 (Windows NT 6.2; Win64; x64) AppleWebKit/537.36 (KHTML, like Gecko) Chrome/75.0.3141.73 Safari/537.36""",0.6790072321891785
"www.sitgesanytime.com 66.249.70.98 - - [22/Jan/2024:00:32:10 +0100] ""GET /comu/fancybox/helpers/jquery.fancybox-buttons.js?v=1.0.5 HTTP/1.1"" 200 7357 ""https://www.sitgesanytime.com/es/pl409/blog.htm?pg=2"" ""Mozilla/5.0 AppleWebKit/537.36 (KHTML, like Gecko; compatible; Googlebot/2.1; +http://www.google.com/bot.html) Chrome/120.0.6099.199 Safari/537.36""",0.6789939999580383
"www.sitgesanytime.com 66.249.70.97 - - [22/Jan/2024:00:32:12 +0100] ""GET /plantilles/turisme/css/estils-capcalera.css?v=3 HTTP/1.1"" 200 3181 ""https://www.sitgesanytime.com/es/pl409/blog.htm?pg=2"" ""Mozilla/5.0 AppleWebKit/537.36 (KHTML, like Gecko; compatible; Googlebot/2.1; +http://www.google.com/bot.html) Chrome/120.0.6099.199 Safari/537.36""",0.6789790391921997
"91.134.184.72 167.94.145.58 - - [22/Jan/2024:00:32:26 +0100] ""GET /plantilles/turisme/favicon/favicon.ico HTTP/1.1"" 200 15525 ""-"" ""Mozilla/5.0 (compatible; CensysInspect/1.1; +https://about.censys.io/)""",0.6789790391921997
"www.sitgesanytime.com 17.22.237.125 - - [22/Jan/2024:00:32:33 +0100] ""GET /plantilles/turisme/css/jquery-ui.theme.min.css HTTP/1.1"" 200 8586 ""https://www.sitgesanytime.com/de/erleben/aktivtourismus.htm"" ""Mozilla/5.0 (Macintosh; Intel Mac OS X 10_15_5) AppleWebKit/605.1.15 (KHTML, like Gecko) Version/13.1.1 Safari/605.1.15 (Applebot/0.1; +http://www.apple.com/go/applebot)""",0.6789790391921997
"www.sitgesanytime.com 66.249.70.97 - - [22/Jan/2024:00:31:59 +0100] ""GET /ca/robots.txt HTTP/1.1"" 200 6384 ""-"" ""Mozilla/5.0 (compatible; Googlebot/2.1; +http://www.google.com/bot.html)""",0.6789773106575012
"www.sitgesanytime.com 80.32.126.242 - - [22/Jan/2024:00:33:38 +0100] ""GET /plantilles/turisme/img/logo-peu.png HTTP/2.0"" 200 5547 ""https://www.sitgesanytime.com/es/explora/descubrimos-nuestro-legado/un-paseo-por-el-casco-antiguo.htm"" ""Mozilla/5.0 (iPhone; CPU iPhone OS 17_2_1 like Mac OS X) AppleWebKit/605.1.15 (KHTML, like Gecko) Version/17.2 Mobile/15E148 Safari/604.1""",0.6789773106575012
"www.sitgesanytime.com 66.249.70.99 - - [22/Jan/2024:00:31:59 +0100] ""GET /es/pl409/blog.htm?pg=2 HTTP/1.1"" 200 19866 ""-"" ""Mozilla/5.0 (compatible; Googlebot/2.1; +http://www.google.com/bot.html)""",0.6789729595184326
"www.sitgesanytime.com 80.32.126.242 - - [22/Jan/2024:00:33:38 +0100] ""GET /plantilles/turisme/img/ico-search-big.gif HTTP/2.0"" 200 1881 ""https://www.sitgesanytime.com/es/explora/descubrimos-nuestro-legado/un-paseo-por-el-casco-antiguo.htm"" ""Mozilla/5.0 (iPhone; CPU iPhone OS 17_2_1 like Mac OS X) AppleWebKit/605.1.15 (KHTML, like Gecko) Version/17.2 Mobile/15E148 Safari/604.1""",0.6789729595184326
"www.sitgesanytime.com 176.9.10.174 - - [22/Jan/2024:14:59:09 +0100] ""GET /nl/pl415/blog/lijst-met-blogs/id7/eten-in-sitges-en-ondertussen-heel-erg-gelukkig-blijven.htm?cat_415=440 HTTP/1.1"" 200 16974 ""-"" ""Mozilla/5.0 (compatible; AwarioBot/1.0; +https://awario.com/bots.html)""",0.6789683699607849
"www.sitgesanytime.com 68.82.33.245 - - [22/Jan/2024:00:31:18 +0100] ""GET /plantilles/turisme/css/estils-base.css?v=23 HTTP/2.0"" 200 23991 ""https://www.sitgesanytime.com/en/news/calendar.htm"" ""Mozilla/5.0 (iPhone; CPU iPhone OS 17_2_1 like Mac OS X) AppleWebKit/605.1.15 (KHTML, like Gecko) Version/17.2 Mobile/15E148 Safari/604.1""",0.6789622902870178
"www.sitgesanytime.com 66.249.70.97 - - [22/Jan/2024:00:32:13 +0100] ""GET /comu/fancybox/helpers/jquery.fancybox-buttons.css?v=1.0.5 HTTP/1.1"" 200 1241 ""https://www.sitgesanytime.com/es/pl409/blog.htm?pg=2"" ""Mozilla/5.0 AppleWebKit/537.36 (KHTML, like Gecko; compatible; Googlebot/2.1; +http://www.google.com/bot.html) Chrome/120.0.6099.199 Safari/537.36""",0.6789577007293701
"91.134.184.72 167.94.145.58 - - [22/Jan/2024:00:32:26 +0100] ""GET /plantilles/turisme/favicon/favicon.svg HTTP/1.1"" 200 5898 ""-"" ""Mozilla/5.0 (compatible; CensysInspect/1.1; +https://about.censys.io/)""",0.6789577007293701
"www.sitgesanytime.com 17.22.245.120 - - [22/Jan/2024:00:32:33 +0100] ""GET /comu/js/jquery.mask.js HTTP/1.1"" 200 11196 ""https://www.sitgesanytime.com/de/erleben/aktivtourismus.htm"" ""Mozilla/5.0 (Macintosh; Intel Mac OS X 10_15_5) AppleWebKit/605.1.15 (KHTML, like Gecko) Version/13.1.1 Safari/605.1.15 (Applebot/0.1; +http://www.apple.com/go/applebot)""",0.6789577007293701
"www.sitgesanytime.com 68.82.33.245 - - [22/Jan/2024:00:31:18 +0100] ""GET /comu/js/lib.js?v=3 HTTP/2.0"" 200 11214 ""https://www.sitgesanytime.com/en/news/calendar.htm"" ""Mozilla/5.0 (iPhone; CPU iPhone OS 17_2_1 like Mac OS X) AppleWebKit/605.1.15 (KHTML, like Gecko) Version/17.2 Mobile/15E148 Safari/604.1""",0.6789568662643433
"www.sitgesanytime.com 66.249.70.97 - - [22/Jan/2024:00:32:04 +0100] ""GET /plantilles/turisme/css/estils-print.css?v=3 HTTP/1.1"" 200 6862 ""https://www.sitgesanytime.com/es/pl409/blog.htm?pg=2"" ""Mozilla/5.0 AppleWebKit/537.36 (KHTML, like Gecko; compatible; Googlebot/2.1; +http://www.google.com/bot.html) Chrome/120.0.6099.199 Safari/537.36""",0.6789560914039612
"www.sitgesanytime.com 80.32.126.242 - - [22/Jan/2024:00:33:38 +0100] ""GET /plantilles/turisme/img/ico-search.svg HTTP/2.0"" 200 606 ""https://www.sitgesanytime.com/es/explora/descubrimos-nuestro-legado/un-paseo-por-el-casco-antiguo.htm"" ""Mozilla/5.0 (iPhone; CPU iPhone OS 17_2_1 like Mac OS X) AppleWebKit/605.1.15 (KHTML, like Gecko) Version/17.2 Mobile/15E148 Safari/604.1""",0.6789560914039612
"www.sitgesanytime.com 17.22.245.233 - - [22/Jan/2024:00:32:32 +0100] ""GET /comu/select2/select2.min.css HTTP/1.1"" 200 8245 ""https://www.sitgesanytime.com/de/erleben/aktivtourismus.htm"" ""Mozilla/5.0 (Macintosh; Intel Mac OS X 10_15_5) AppleWebKit/605.1.15 (KHTML, like Gecko) Version/13.1.1 Safari/605.1.15 (Applebot/0.1; +http://www.apple.com/go/applebot)""",0.6789403557777405
"www.sitgesanytime.com 68.82.33.245 - - [22/Jan/2024:00:31:19 +0100] ""GET /media/site1/cache/images/model-de-bellesa-redim-w480-h480.jpg HTTP/2.0"" 200 23474 ""https://www.sitgesanytime.com/en/news/calendar.htm"" ""Mozilla/5.0 (iPhone; CPU iPhone OS 17_2_1 like Mac OS X) AppleWebKit/605.1.15 (KHTML, like Gecko) Version/17.2 Mobile/15E148 Safari/604.1""",0.678932785987854
"www.sitgesanytime.com 17.22.253.59 - - [22/Jan/2024:00:32:34 +0100] ""GET /comu/js/iban.js HTTP/1.1"" 200 8947 ""https://www.sitgesanytime.com/de/erleben/aktivtourismus.htm"" ""Mozilla/5.0 (Macintosh; Intel Mac OS X 10_15_5) AppleWebKit/605.1.15 (KHTML, like Gecko) Version/13.1.1 Safari/605.1.15 (Applebot/0.1; +http://www.apple.com/go/applebot)""",0.6789282560348511
"www.sitgesanytime.com 68.82.33.245 - - [22/Jan/2024:00:31:59 +0100] ""GET /plantilles/turisme/favicon/favicon.svg HTTP/2.0"" 200 5617 ""https://www.sitgesanytime.com/en/pl330/news/calendar/id1077/sant-jordi-2024.htm"" ""Mozilla/5.0 (iPhone; CPU iPhone OS 17_2_1 like Mac OS X) AppleWebKit/605.1.15 (KHTML, like Gecko) Version/17.2 Mobile/15E148 Safari/604.1""",0.6789250373840332
"www.sitgesanytime.com 66.249.70.97 - - [22/Jan/2024:00:32:19 +0100] ""GET /comu/js/iban.js HTTP/1.1"" 200 8947 ""https://www.sitgesanytime.com/es/pl409/blog.htm?pg=2"" ""Mozilla/5.0 AppleWebKit/537.36 (KHTML, like Gecko; compatible; Googlebot/2.1; +http://www.google.com/bot.html) Chrome/120.0.6099.199 Safari/537.36""",0.6789250373840332
"www.sitgesanytime.com 47.76.35.19 - - [22/Jan/2024:14:59:11 +0100] ""GET /de/pl30/planen-sie-ihre-reise/sitges-auf-einen-blick/id27/port-del-garraf.htm HTTP/1.1"" 200 11399 ""-"" ""Mozilla/5.0 (Windows NT 6.2; Win64; x64) AppleWebKit/537.36 (KHTML, like Gecko) Chrome/75.0.3141.73 Safari/537.36""",0.6789224743843079
"www.sitgesanytime.com 68.82.33.245 - - [22/Jan/2024:00:31:18 +0100] ""GET /plantilles/turisme/eltemps/eltemps.js HTTP/2.0"" 200 1751 ""https://www.sitgesanytime.com/en/news/calendar.htm"" ""Mozilla/5.0 (iPhone; CPU iPhone OS 17_2_1 like Mac OS X) AppleWebKit/605.1.15 (KHTML, like Gecko) Version/17.2 Mobile/15E148 Safari/604.1""",0.6789214015007019
"www.sitgesanytime.com 66.249.70.97 - - [22/Jan/2024:00:32:09 +0100] ""GET /plantilles/turisme/css/animate.css HTTP/1.1"" 200 5290 ""https://www.sitgesanytime.com/es/pl409/blog.htm?pg=2"" ""Mozilla/5.0 AppleWebKit/537.36 (KHTML, like Gecko; compatible; Googlebot/2.1; +http://www.google.com/bot.html) Chrome/120.0.6099.199 Safari/537.36""",0.6789180636405945
"www.sitgesanytime.com 66.249.70.97 - - [22/Jan/2024:00:33:40 +0100] ""GET /es/actualidad/agenda.htm?pg=3 HTTP/1.1"" 200 11903 ""-"" ""Mozilla/5.0 (Linux; Android 6.0.1; Nexus 5X Build/MMB29P) AppleWebKit/537.36 (KHTML, like Gecko) Chrome/120.0.6099.224 Mobile Safari/537.36 (compatible; Googlebot/2.1; +http://www.google.com/bot.html)""",0.6789135932922363
"www.sitgesanytime.com 66.249.70.97 - - [22/Jan/2024:00:32:21 +0100] ""GET /comu/js/cookiemanager.js HTTP/1.1"" 200 1682 ""https://www.sitgesanytime.com/es/pl409/blog.htm?pg=2"" ""Mozilla/5.0 AppleWebKit/537.36 (KHTML, like Gecko; compatible; Googlebot/2.1; +http://www.google.com/bot.html) Chrome/120.0.6099.199 Safari/537.36""",0.6789079904556274
"www.sitgesanytime.com 66.249.70.97 - - [22/Jan/2024:00:32:22 +0100] ""GET /plantilles/turisme/css/estils-mw800.css?v=11 HTTP/1.1"" 200 4436 ""https://www.sitgesanytime.com/es/pl409/blog.htm?pg=2"" ""Mozilla/5.0 AppleWebKit/537.36 (KHTML, like Gecko; compatible; Googlebot/2.1; +http://www.google.com/bot.html) Chrome/120.0.6099.199 Safari/537.36""",0.678889274597168
"www.sitgesanytime.com 66.249.70.99 - - [22/Jan/2024:00:32:06 +0100] ""GET /comu/js/jquery.oncssanimationend.js HTTP/1.1"" 200 6757 ""https://www.sitgesanytime.com/es/pl409/blog.htm?pg=2"" ""Mozilla/5.0 AppleWebKit/537.36 (KHTML, like Gecko; compatible; Googlebot/2.1; +http://www.google.com/bot.html) Chrome/120.0.6099.199 Safari/537.36""",0.678886890411377
"www.sitgesanytime.com 80.32.126.242 - - [22/Jan/2024:00:33:35 +0100] ""GET /comu/js/jquery.browser.js HTTP/2.0"" 200 1453 ""https://www.sitgesanytime.com/es/explora/descubrimos-nuestro-legado/un-paseo-por-el-casco-antiguo.htm"" ""Mozilla/5.0 (iPhone; CPU iPhone OS 17_2_1 like Mac OS X) AppleWebKit/605.1.15 (KHTML, like Gecko) Version/17.2 Mobile/15E148 Safari/604.1""",0.6788808703422546
"www.sitgesanytime.com 68.82.33.245 - - [22/Jan/2024:00:31:18 +0100] ""GET /comu/js/imagesloaded.pkgd.min.js HTTP/2.0"" 200 2415 ""https://www.sitgesanytime.com/en/news/calendar.htm"" ""Mozilla/5.0 (iPhone; CPU iPhone OS 17_2_1 like Mac OS X) AppleWebKit/605.1.15 (KHTML, like Gecko) Version/17.2 Mobile/15E148 Safari/604.1""",0.6788681149482727
"www.sitgesanytime.com 68.82.33.245 - - [22/Jan/2024:00:31:18 +0100] ""GET /plantilles/turisme/css/bg-video.css HTTP/2.0"" 200 386 ""https://www.sitgesanytime.com/en/news/calendar.htm"" ""Mozilla/5.0 (iPhone; CPU iPhone OS 17_2_1 like Mac OS X) AppleWebKit/605.1.15 (KHTML, like Gecko) Version/17.2 Mobile/15E148 Safari/604.1""",0.678865373134613
"www.sitgesanytime.com 68.82.33.245 - - [22/Jan/2024:00:31:18 +0100] ""GET /plantilles/turisme/eltemps/wstemps.php?site=1&lang=en HTTP/2.0"" 200 454 ""https://www.sitgesanytime.com/en/news/calendar.htm"" ""Mozilla/5.0 (iPhone; CPU iPhone OS 17_2_1 like Mac OS X) AppleWebKit/605.1.15 (KHTML, like Gecko) Version/17.2 Mobile/15E148 Safari/604.1""",0.6788637042045593
"www.sitgesanytime.com 68.82.33.245 - - [22/Jan/2024:00:31:35 +0100] ""POST /comu/cookies.php HTTP/2.0"" 200 173 ""https://www.sitgesanytime.com/en/news/calendar.htm"" ""Mozilla/5.0 (iPhone; CPU iPhone OS 17_2_1 like Mac OS X) AppleWebKit/605.1.15 (KHTML, like Gecko) Version/17.2 Mobile/15E148 Safari/604.1""",0.6788637042045593
"www.sitgesanytime.com 68.82.33.245 - - [22/Jan/2024:00:31:20 +0100] ""GET /comu/img/google.png HTTP/2.0"" 200 995 ""https://www.sitgesanytime.com/en/news/calendar.htm"" ""Mozilla/5.0 (iPhone; CPU iPhone OS 17_2_1 like Mac OS X) AppleWebKit/605.1.15 (KHTML, like Gecko) Version/17.2 Mobile/15E148 Safari/604.1""",0.6788411140441895
"www.sitgesanytime.com 68.82.33.245 - - [22/Jan/2024:00:31:31 +0100] ""GET /media/site1/cache/images/cartell-sant-bartomeu-web-redim-w480-h480.jpg HTTP/2.0"" 200 36772 ""https://www.sitgesanytime.com/en/pl330/news/calendar.htm?pg=4"" ""Mozilla/5.0 (iPhone; CPU iPhone OS 17_2_1 like Mac OS X) AppleWebKit/605.1.15 (KHTML, like Gecko) Version/17.2 Mobile/15E148 Safari/604.1""",0.6788355112075806
"www.sitgesanytime.com 68.82.33.245 - - [22/Jan/2024:00:31:56 +0100] ""GET /media/site1/cache/images/diadasantjordi-redim-enc-w480-h480.jpg HTTP/2.0"" 200 33980 ""https://www.sitgesanytime.com/en/pl330/news/calendar/id1077/sant-jordi-2024.htm"" ""Mozilla/5.0 (iPhone; CPU iPhone OS 17_2_1 like Mac OS X) AppleWebKit/605.1.15 (KHTML, like Gecko) Version/17.2 Mobile/15E148 Safari/604.1""",0.6788275837898254
"www.sitgesanytime.com 68.82.33.245 - - [22/Jan/2024:00:32:38 +0100] ""POST /comu/cookies.php HTTP/2.0"" 200 196 ""https://www.sitgesanytime.com/en/news/calendar.htm"" ""Mozilla/5.0 (iPhone; CPU iPhone OS 17_2_1 like Mac OS X) AppleWebKit/605.1.15 (KHTML, like Gecko) Version/17.2 Mobile/15E148 Safari/604.1""",0.6788250207901001
"www.sitgesanytime.com 66.249.70.97 - - [22/Jan/2024:00:32:08 +0100] ""GET /comu/fancybox/jquery.fancybox.old.js HTTP/1.1"" 200 14537 ""https://www.sitgesanytime.com/es/pl409/blog.htm?pg=2"" ""Mozilla/5.0 AppleWebKit/537.36 (KHTML, like Gecko; compatible; Googlebot/2.1; +http://www.google.com/bot.html) Chrome/120.0.6099.199 Safari/537.36""",0.6788154244422913
"ww.sitgesfilmoffice.es 66.249.64.38 - - [22/Jan/2024:00:33:39 +0100] ""GET /ca/robots.txt HTTP/1.1"" 200 674 ""-"" ""Mozilla/5.0 (compatible; Googlebot/2.1; +http://www.google.com/bot.html)""",0.6788071393966675
"www.sitgesanytime.com 68.82.33.245 - - [22/Jan/2024:00:31:19 +0100] ""GET /media/site1/cache/images/monestir-budista-garraf-redim-w480-h480.jpg HTTP/2.0"" 200 24861 ""https://www.sitgesanytime.com/en/news/calendar.htm"" ""Mozilla/5.0 (iPhone; CPU iPhone OS 17_2_1 like Mac OS X) AppleWebKit/605.1.15 (KHTML, like Gecko) Version/17.2 Mobile/15E148 Safari/604.1""",0.6787974238395691
"91.134.184.72 167.94.145.58 - - [22/Jan/2024:00:32:25 +0100] ""GET /ca HTTP/1.1"" 200 12161 ""-"" ""Mozilla/5.0 (compatible; CensysInspect/1.1; +https://about.censys.io/)""",0.6787861585617065
"www.sitgesanytime.com 66.249.70.98 - - [22/Jan/2024:00:31:59 +0100] ""GET /robots.txt HTTP/1.1"" 301 6274 ""-"" ""Mozilla/5.0 (compatible; Googlebot/2.1; +http://www.google.com/bot.html)""",0.6787508130073547
"www.sitgesanytime.com 68.82.33.245 - - [22/Jan/2024:00:31:25 +0100] ""GET /plantilles/turisme/img/ajuntament-sitges.gif HTTP/2.0"" 200 5308 ""https://www.sitgesanytime.com/en/news/calendar.htm"" ""Mozilla/5.0 (iPhone; CPU iPhone OS 17_2_1 like Mac OS X) AppleWebKit/605.1.15 (KHTML, like Gecko) Version/17.2 Mobile/15E148 Safari/604.1""",0.6787467002868652
"www.sitgesanytime.com 66.249.70.99 - - [22/Jan/2024:00:32:06 +0100] ""GET /comu/select2/select2.min.css HTTP/1.1"" 200 2558 ""https://www.sitgesanytime.com/es/pl409/blog.htm?pg=2"" ""Mozilla/5.0 AppleWebKit/537.36 (KHTML, like Gecko; compatible; Googlebot/2.1; +http://www.google.com/bot.html) Chrome/120.0.6099.199 Safari/537.36""",0.6787248253822327
"www.sitgesanytime.com 68.82.33.245 - - [22/Jan/2024:00:31:18 +0100] ""GET /plantilles/turisme/css/jquery-ui.theme.min.css HTTP/2.0"" 200 2378 ""https://www.sitgesanytime.com/en/news/calendar.htm"" ""Mozilla/5.0 (iPhone; CPU iPhone OS 17_2_1 like Mac OS X) AppleWebKit/605.1.15 (KHTML, like Gecko) Version/17.2 Mobile/15E148 Safari/604.1""",0.6787129640579224
"www.sitgesanytime.com 80.32.126.242 - - [22/Jan/2024:00:33:35 +0100] ""GET /comu/js/jquery-3.6.0.min.js HTTP/2.0"" 200 30901 ""https://www.sitgesanytime.com/es/explora/descubrimos-nuestro-legado/un-paseo-por-el-casco-antiguo.htm"" ""Mozilla/5.0 (iPhone; CPU iPhone OS 17_2_1 like Mac OS X) AppleWebKit/605.1.15 (KHTML, like Gecko) Version/17.2 Mobile/15E148 Safari/604.1""",0.6787033081054688
"www.sitgesanytime.com 80.32.126.242 - - [22/Jan/2024:00:33:38 +0100] ""GET /media/site1/cache/images/carrer-fonollar-redim-prop-w480-h480.jpg HTTP/2.0"" 200 35024 ""https://www.sitgesanytime.com/es/explora/descubrimos-nuestro-legado/un-paseo-por-el-casco-antiguo.htm"" ""Mozilla/5.0 (iPhone; CPU iPhone OS 17_2_1 like Mac OS X) AppleWebKit/605.1.15 (KHTML, like Gecko) Version/17.2 Mobile/15E148 Safari/604.1""",0.6786958575248718
"www.sitgesanytime.com 80.32.126.242 - - [22/Jan/2024:00:33:35 +0100] ""GET /plantilles/turisme/css/estils-mw800.css?v=11 HTTP/2.0"" 200 3914 ""https://www.sitgesanytime.com/es/explora/descubrimos-nuestro-legado/un-paseo-por-el-casco-antiguo.htm"" ""Mozilla/5.0 (iPhone; CPU iPhone OS 17_2_1 like Mac OS X) AppleWebKit/605.1.15 (KHTML, like Gecko) Version/17.2 Mobile/15E148 Safari/604.1""",0.6786931753158569
"www.sitgesanytime.com 66.249.70.97 - - [22/Jan/2024:00:32:24 +0100] ""POST /comu/cookies.php HTTP/1.1"" 200 1064 ""https://www.sitgesanytime.com/es/pl409/blog.htm?pg=2"" ""Mozilla/5.0 AppleWebKit/537.36 (KHTML, like Gecko; compatible; Googlebot/2.1; +http://www.google.com/bot.html) Chrome/120.0.6099.199 Safari/537.36""",0.6786801218986511
"www.sitgesanytime.com 80.32.126.242 - - [22/Jan/2024:00:33:37 +0100] ""GET /plantilles/turisme/eltemps/wstemps.php?site=1&lang=es HTTP/2.0"" 200 454 ""https://www.sitgesanytime.com/es/explora/descubrimos-nuestro-legado/un-paseo-por-el-casco-antiguo.htm"" ""Mozilla/5.0 (iPhone; CPU iPhone OS 17_2_1 like Mac OS X) AppleWebKit/605.1.15 (KHTML, like Gecko) Version/17.2 Mobile/15E148 Safari/604.1""",0.6786801218986511
"91.134.184.72 167.94.145.58 - - [22/Jan/2024:00:32:26 +0100] ""GET /favicon.ico HTTP/1.1"" 200 15525 ""-"" ""Mozilla/5.0 (compatible; CensysInspect/1.1; +https://about.censys.io/)""",0.6786348819732666
"www.sitgesanytime.com 68.82.33.245 - - [22/Jan/2024:00:31:18 +0100] ""GET /comu/js/jquery-ui-1.13.1/jquery-ui.min.css HTTP/2.0"" 200 7904 ""https://www.sitgesanytime.com/en/news/calendar.htm"" ""Mozilla/5.0 (iPhone; CPU iPhone OS 17_2_1 like Mac OS X) AppleWebKit/605.1.15 (KHTML, like Gecko) Version/17.2 Mobile/15E148 Safari/604.1""",0.6786335110664368
"91.134.184.72 167.94.145.58 - - [22/Jan/2024:00:32:18 +0100] ""GET / HTTP/1.1"" 301 537 ""-"" ""-""",0.6786313652992249
"www.sitgesanytime.com 68.82.33.245 - - [22/Jan/2024:00:31:18 +0100] ""GET /plantilles/turisme/css/font/Intro-Black-Caps.woff2 HTTP/2.0"" 200 14746 ""https://www.sitgesanytime.com/en/news/calendar.htm"" ""Mozilla/5.0 (iPhone; CPU iPhone OS 17_2_1 like Mac OS X) AppleWebKit/605.1.15 (KHTML, like Gecko) Version/17.2 Mobile/15E148 Safari/604.1""",0.67862468957901
"www.sitgesanytime.com 68.82.33.245 - - [22/Jan/2024:00:31:18 +0100] ""GET /media/site1/cache/images/pinterest-blanco.png HTTP/2.0"" 200 873 ""https://www.sitgesanytime.com/en/news/calendar.htm"" ""Mozilla/5.0 (iPhone; CPU iPhone OS 17_2_1 like Mac OS X) AppleWebKit/605.1.15 (KHTML, like Gecko) Version/17.2 Mobile/15E148 Safari/604.1""",0.6786158084869385
"ww.sitgesfilmoffice.es 66.249.64.38 - - [22/Jan/2024:00:33:39 +0100] ""GET /robots.txt HTTP/1.1"" 301 591 ""-"" ""Mozilla/5.0 (compatible; Googlebot/2.1; +http://www.google.com/bot.html)""",0.6786117553710938
"www.sitgesanytime.com 68.82.33.245 - - [22/Jan/2024:00:31:18 +0100] ""GET /comu/js/cookiemanager.js HTTP/2.0"" 200 1170 ""https://www.sitgesanytime.com/en/news/calendar.htm"" ""Mozilla/5.0 (iPhone; CPU iPhone OS 17_2_1 like Mac OS X) AppleWebKit/605.1.15 (KHTML, like Gecko) Version/17.2 Mobile/15E148 Safari/604.1""",0.6785999536514282
"www.sitgesanytime.com 80.32.126.242 - - [22/Jan/2024:00:33:39 +0100] ""GET /media/site1/cache/images/carrer-davallada-redim-prop-w480-h480.jpg HTTP/2.0"" 200 55744 ""https://www.sitgesanytime.com/es/explora/descubrimos-nuestro-legado/un-paseo-por-el-casco-antiguo.htm"" ""Mozilla/5.0 (iPhone; CPU iPhone OS 17_2_1 like Mac OS X) AppleWebKit/605.1.15 (KHTML, like Gecko) Version/17.2 Mobile/15E148 Safari/604.1""",0.6785985231399536
"www.sitgesanytime.com 80.32.126.242 - - [22/Jan/2024:00:33:38 +0100] ""GET /plantilles/turisme/favicon/favicon.ico HTTP/2.0"" 200 15160 ""https://www.sitgesanytime.com/es/explora/descubrimos-nuestro-legado/un-paseo-por-el-casco-antiguo.htm"" ""Mozilla/5.0 (iPhone; CPU iPhone OS 17_2_1 like Mac OS X) AppleWebKit/605.1.15 (KHTML, like Gecko) Version/17.2 Mobile/15E148 Safari/604.1""",0.6785948276519775
"www.sitgesanytime.com 168.119.68.178 - - [22/Jan/2024:14:58:00 +0100] ""POST /comu/cookies.php HTTP/2.0"" 200 698 ""https://www.sitgesanytime.com/es/planifica-el-teu-viatge/mapa-de-servicios/id25/bodegas-torre-del-veguer.htm"" ""Mozilla/5.0 (compatible; AhrefsBot/7.0; +http://ahrefs.com/robot/)""",0.6785791516304016
"www.sitgesanytime.com 68.82.33.245 - - [22/Jan/2024:00:31:18 +0100] ""GET /comu/js/jquery-ui-1.13.1/jquery-ui.min.js HTTP/2.0"" 200 67742 ""https://www.sitgesanytime.com/en/news/calendar.htm"" ""Mozilla/5.0 (iPhone; CPU iPhone OS 17_2_1 like Mac OS X) AppleWebKit/605.1.15 (KHTML, like Gecko) Version/17.2 Mobile/15E148 Safari/604.1""",0.678571343421936
"www.sitgesanytime.com 68.82.33.245 - - [22/Jan/2024:00:31:38 +0100] ""GET /en/pl330/news/calendar.htm?pg=3 HTTP/2.0"" 200 10655 ""https://www.sitgesanytime.com/en/news/calendar.htm"" ""Mozilla/5.0 (iPhone; CPU iPhone OS 17_2_1 like Mac OS X) AppleWebKit/605.1.15 (KHTML, like Gecko) Version/17.2 Mobile/15E148 Safari/604.1""",0.6785697937011719
"www.sitgesanytime.com 94.25.172.246 - - [22/Jan/2024:00:33:32 +0100] ""GET /ca/pl409/blog/id115/coses-inusuals-per-fer-a-sitges.htm HTTP/1.0"" 200 58185 ""https://www.sitgesanytime.com/ca/pl409/blog/id115/coses-inusuals-per-fer-a-sitges.htm"" ""Mozilla/5.0 (Windows NT 10.0; Win64; x64) AppleWebKit/537.36 (KHTML, like Gecko) Chrome/103.0.5060.53 Safari/537.36""",0.6785686612129211
"www.sitgesanytime.com 68.82.33.245 - - [22/Jan/2024:00:31:39 +0100] ""GET /media/site1/cache/images/cavalls-al-parc-f-miranda-6-scaled-redim-w480-h480.jpg HTTP/2.0"" 200 53396 ""https://www.sitgesanytime.com/en/pl330/news/calendar.htm?pg=3"" ""Mozilla/5.0 (iPhone; CPU iPhone OS 17_2_1 like Mac OS X) AppleWebKit/605.1.15 (KHTML, like Gecko) Version/17.2 Mobile/15E148 Safari/604.1""",0.6785489916801453
"www.sitgesanytime.com 47.76.35.19 - - [22/Jan/2024:14:58:52 +0100] ""HEAD /fr/pl409/blog/id100/sitges-diumeng.htm?cat_409=445 HTTP/1.1"" 200 5260 ""-"" ""Mozilla/5.0 (Windows NT 6.3; Win64; x64) AppleWebKit/537.36 (KHTML, like Gecko) Chrome/79.0.2292.191 Safari/537.36""",0.6785451769828796
"www.sitgesanytime.com 80.32.126.242 - - [22/Jan/2024:00:33:37 +0100] ""GET /media/site1/cache/images/placa-del-baluard2-redim-prop-w480-h480.jpg HTTP/2.0"" 200 39529 ""https://www.sitgesanytime.com/es/explora/descubrimos-nuestro-legado/un-paseo-por-el-casco-antiguo.htm"" ""Mozilla/5.0 (iPhone; CPU iPhone OS 17_2_1 like Mac OS X) AppleWebKit/605.1.15 (KHTML, like Gecko) Version/17.2 Mobile/15E148 Safari/604.1""",0.6785435080528259
"www.sitgesanytime.com 94.25.172.246 - - [22/Jan/2024:00:33:18 +0100] ""GET /ca/ HTTP/1.0"" 200 65599 ""https://www.sitgesanytime.com/ca/"" ""Mozilla/5.0 (Windows NT 10.0; Win64; x64) AppleWebKit/537.36 (KHTML, like Gecko) Chrome/103.0.5060.53 Safari/537.36""",0.6785321831703186
"www.sitgesanytime.com 66.249.70.97 - - [22/Jan/2024:00:32:09 +0100] ""GET /plantilles/turisme/css/estils-base.css?v=23 HTTP/1.1"" 200 24569 ""https://www.sitgesanytime.com/es/pl409/blog.htm?pg=2"" ""Mozilla/5.0 AppleWebKit/537.36 (KHTML, like Gecko; compatible; Googlebot/2.1; +http://www.google.com/bot.html) Chrome/120.0.6099.199 Safari/537.36""",0.6785162687301636
"www.sitgesanytime.com 68.82.33.245 - - [22/Jan/2024:00:31:39 +0100] ""POST /comu/cookies.php HTTP/2.0"" 200 173 ""https://www.sitgesanytime.com/en/pl330/news/calendar.htm?pg=3"" ""Mozilla/5.0 (iPhone; CPU iPhone OS 17_2_1 like Mac OS X) AppleWebKit/605.1.15 (KHTML, like Gecko) Version/17.2 Mobile/15E148 Safari/604.1""",0.6785144805908203
"www.sitgesanytime.com 68.82.33.245 - - [22/Jan/2024:00:31:56 +0100] ""GET /plantilles/turisme/img/icone-link-b.png HTTP/2.0"" 200 638 ""https://www.sitgesanytime.com/en/pl330/news/calendar/id1077/sant-jordi-2024.htm"" ""Mozilla/5.0 (iPhone; CPU iPhone OS 17_2_1 like Mac OS X) AppleWebKit/605.1.15 (KHTML, like Gecko) Version/17.2 Mobile/15E148 Safari/604.1""",0.6785131096839905
"www.sitgesanytime.com 68.82.33.245 - - [22/Jan/2024:00:31:56 +0100] ""GET /plantilles/turisme/img/icone-lloc-b.png HTTP/2.0"" 200 759 ""https://www.sitgesanytime.com/en/pl330/news/calendar/id1077/sant-jordi-2024.htm"" ""Mozilla/5.0 (iPhone; CPU iPhone OS 17_2_1 like Mac OS X) AppleWebKit/605.1.15 (KHTML, like Gecko) Version/17.2 Mobile/15E148 Safari/604.1""",0.6784960627555847
"www.sitgesanytime.com 68.82.33.245 - - [22/Jan/2024:00:31:39 +0100] ""GET /plantilles/turisme/eltemps/wstemps.php?site=1&lang=en HTTP/2.0"" 200 394 ""https://www.sitgesanytime.com/en/pl330/news/calendar.htm?pg=3"" ""Mozilla/5.0 (iPhone; CPU iPhone OS 17_2_1 like Mac OS X) AppleWebKit/605.1.15 (KHTML, like Gecko) Version/17.2 Mobile/15E148 Safari/604.1""",0.6784892082214355
"www.sitgesanytime.com 94.25.172.246 - - [22/Jan/2024:00:33:18 +0100] ""GET / HTTP/1.0"" 301 5259 ""https://www.sitgesanytime.com/"" ""Mozilla/5.0 (Windows NT 10.0; Win64; x64) AppleWebKit/537.36 (KHTML, like Gecko) Chrome/103.0.5060.53 Safari/537.36""",0.6784889101982117
"www.sitgesanytime.com 68.82.33.245 - - [22/Jan/2024:00:31:18 +0100] ""GET /comu/fancybox/jquery.fancybox.css?v=2.1.7 HTTP/2.0"" 200 1512 ""https://www.sitgesanytime.com/en/news/calendar.htm"" ""Mozilla/5.0 (iPhone; CPU iPhone OS 17_2_1 like Mac OS X) AppleWebKit/605.1.15 (KHTML, like Gecko) Version/17.2 Mobile/15E148 Safari/604.1""",0.6784881949424744
"www.sitgesanytime.com 68.82.33.245 - - [22/Jan/2024:00:31:39 +0100] ""GET /media/site1/cache/images/corpus-de-sitges-redim-w480-h480.jpg HTTP/2.0"" 200 35477 ""https://www.sitgesanytime.com/en/pl330/news/calendar.htm?pg=3"" ""Mozilla/5.0 (iPhone; CPU iPhone OS 17_2_1 like Mac OS X) AppleWebKit/605.1.15 (KHTML, like Gecko) Version/17.2 Mobile/15E148 Safari/604.1""",0.6784816980361938
"www.sitgesanytime.com 68.82.33.245 - - [22/Jan/2024:00:31:39 +0100] ""GET /media/site1/cache/images/cavalls-lliures-redim-w480-h480.jpg HTTP/2.0"" 200 30813 ""https://www.sitgesanytime.com/en/pl330/news/calendar.htm?pg=3"" ""Mozilla/5.0 (iPhone; CPU iPhone OS 17_2_1 like Mac OS X) AppleWebKit/605.1.15 (KHTML, like Gecko) Version/17.2 Mobile/15E148 Safari/604.1""",0.6784802675247192
"ww.sitgesfilmoffice.es 66.249.64.39 - - [22/Jan/2024:00:33:43 +0100] ""GET /en/pl349/lnk35/noticies/id121/sitges-fa-front-comu-per-tenir-un-oci-nocturn-segur.htm HTTP/1.1"" 404 2744 ""-"" ""Mozilla/5.0 (Linux; Android 6.0.1; Nexus 5X Build/MMB29P) AppleWebKit/537.36 (KHTML, like Gecko) Chrome/120.0.6099.224 Mobile Safari/537.36 (compatible; Googlebot/2.1; +http://www.google.com/bot.html)""",0.6784679889678955
"www.sitgesanytime.com 68.82.33.245 - - [22/Jan/2024:00:31:40 +0100] ""GET /media/site1/cache/images/sitges-gay-pride-redim-w480-h480.jpg HTTP/2.0"" 200 30860 ""https://www.sitgesanytime.com/en/pl330/news/calendar.htm?pg=3"" ""Mozilla/5.0 (iPhone; CPU iPhone OS 17_2_1 like Mac OS X) AppleWebKit/605.1.15 (KHTML, like Gecko) Version/17.2 Mobile/15E148 Safari/604.1""",0.6784315705299377
"www.sitgesanytime.com 68.82.33.245 - - [22/Jan/2024:00:31:19 +0100] ""GET /plantilles/turisme/img/ico-search.svg HTTP/2.0"" 200 606 ""https://www.sitgesanytime.com/en/news/calendar.htm"" ""Mozilla/5.0 (iPhone; CPU iPhone OS 17_2_1 like Mac OS X) AppleWebKit/605.1.15 (KHTML, like Gecko) Version/17.2 Mobile/15E148 Safari/604.1""",0.6784188747406006
"www.sitgesanytime.com 68.82.33.245 - - [22/Jan/2024:00:31:18 +0100] ""POST /comu/cookies.php HTTP/2.0"" 200 546 ""https://www.sitgesanytime.com/en/news/calendar.htm"" ""Mozilla/5.0 (iPhone; CPU iPhone OS 17_2_1 like Mac OS X) AppleWebKit/605.1.15 (KHTML, like Gecko) Version/17.2 Mobile/15E148 Safari/604.1""",0.6784079670906067
"www.sitgesanytime.com 68.82.33.245 - - [22/Jan/2024:00:31:39 +0100] ""GET /media/site1/cache/images/roses-i-llibres-2022-redim-w480-h480.jpeg HTTP/2.0"" 200 35903 ""https://www.sitgesanytime.com/en/pl330/news/calendar.htm?pg=3"" ""Mozilla/5.0 (iPhone; CPU iPhone OS 17_2_1 like Mac OS X) AppleWebKit/605.1.15 (KHTML, like Gecko) Version/17.2 Mobile/15E148 Safari/604.1""",0.6783931851387024
"www.sitgesanytime.com 68.82.33.245 - - [22/Jan/2024:00:31:19 +0100] ""GET /plantilles/turisme/img/ico-search-big.gif HTTP/2.0"" 200 1881 ""https://www.sitgesanytime.com/en/news/calendar.htm"" ""Mozilla/5.0 (iPhone; CPU iPhone OS 17_2_1 like Mac OS X) AppleWebKit/605.1.15 (KHTML, like Gecko) Version/17.2 Mobile/15E148 Safari/604.1""",0.6783902049064636
"www.sitgesanytime.com 68.82.33.245 - - [22/Jan/2024:00:31:56 +0100] ""GET /plantilles/turisme/img/icone-data-b.png HTTP/2.0"" 200 550 ""https://www.sitgesanytime.com/en/pl330/news/calendar/id1077/sant-jordi-2024.htm"" ""Mozilla/5.0 (iPhone; CPU iPhone OS 17_2_1 like Mac OS X) AppleWebKit/605.1.15 (KHTML, like Gecko) Version/17.2 Mobile/15E148 Safari/604.1""",0.6783772706985474
"sitgestur.info 94.25.172.246 - - [22/Jan/2024:00:33:17 +0100] ""GET / HTTP/1.0"" 301 481 ""http://sitgestur.info/"" ""Mozilla/5.0 (Windows NT 10.0; Win64; x64) AppleWebKit/537.36 (KHTML, like Gecko) Chrome/103.0.5060.53 Safari/537.36""",0.678375780582428
"www.sitgesanytime.com 68.82.33.245 - - [22/Jan/2024:00:31:19 +0100] ""GET /plantilles/turisme/css/calendari.css HTTP/2.0"" 200 1242 ""https://www.sitgesanytime.com/en/news/calendar.htm"" ""Mozilla/5.0 (iPhone; CPU iPhone OS 17_2_1 like Mac OS X) AppleWebKit/605.1.15 (KHTML, like Gecko) Version/17.2 Mobile/15E148 Safari/604.1""",0.6783753633499146
"www.sitgesanytime.com 66.249.70.97 - - [22/Jan/2024:00:32:07 +0100] ""GET /comu/js/jquery-3.6.0.min.js HTTP/1.1"" 200 31538 ""https://www.sitgesanytime.com/es/pl409/blog.htm?pg=2"" ""Mozilla/5.0 AppleWebKit/537.36 (KHTML, like Gecko; compatible; Googlebot/2.1; +http://www.google.com/bot.html) Chrome/120.0.6099.199 Safari/537.36""",0.6783751845359802
"www.sitgesanytime.com 66.249.70.97 - - [22/Jan/2024:00:32:16 +0100] ""GET /plantilles/turisme/css/jquery-ui.theme.min.css HTTP/1.1"" 200 2899 ""https://www.sitgesanytime.com/es/pl409/blog.htm?pg=2"" ""Mozilla/5.0 AppleWebKit/537.36 (KHTML, like Gecko; compatible; Googlebot/2.1; +http://www.google.com/bot.html) Chrome/120.0.6099.199 Safari/537.36""",0.6783713102340698
"www.sitgesanytime.com 68.82.33.245 - - [22/Jan/2024:00:31:18 +0100] ""GET /comu/select2/select2.min.css HTTP/2.0"" 200 2059 ""https://www.sitgesanytime.com/en/news/calendar.htm"" ""Mozilla/5.0 (iPhone; CPU iPhone OS 17_2_1 like Mac OS X) AppleWebKit/605.1.15 (KHTML, like Gecko) Version/17.2 Mobile/15E148 Safari/604.1""",0.6783483624458313
"www.sitgesanytime.com 66.249.70.97 - - [22/Jan/2024:00:32:18 +0100] ""GET /comu/js/FormChek.js HTTP/1.1"" 200 11642 ""https://www.sitgesanytime.com/es/pl409/blog.htm?pg=2"" ""Mozilla/5.0 AppleWebKit/537.36 (KHTML, like Gecko; compatible; Googlebot/2.1; +http://www.google.com/bot.html) Chrome/120.0.6099.199 Safari/537.36""",0.6783304214477539
"www.sitgesfilmoffice.cat 66.249.64.70 - - [22/Jan/2024:00:33:39 +0100] ""GET /robots.txt HTTP/1.1"" 301 591 ""-"" ""Mozilla/5.0 (compatible; Googlebot/2.1; +http://www.google.com/bot.html)""",0.6783270239830017
"www.sitgesanytime.com 68.82.33.245 - - [22/Jan/2024:00:31:18 +0100] ""GET /plantilles/turisme/js/responsivemenu.js?v=3 HTTP/2.0"" 200 1913 ""https://www.sitgesanytime.com/en/news/calendar.htm"" ""Mozilla/5.0 (iPhone; CPU iPhone OS 17_2_1 like Mac OS X) AppleWebKit/605.1.15 (KHTML, like Gecko) Version/17.2 Mobile/15E148 Safari/604.1""",0.6783039569854736
"www.sitgesanytime.com 68.82.33.245 - - [22/Jan/2024:00:31:31 +0100] ""GET /plantilles/turisme/eltemps/wstemps.php?site=1&lang=en HTTP/2.0"" 200 454 ""https://www.sitgesanytime.com/en/pl330/news/calendar.htm?pg=4"" ""Mozilla/5.0 (iPhone; CPU iPhone OS 17_2_1 like Mac OS X) AppleWebKit/605.1.15 (KHTML, like Gecko) Version/17.2 Mobile/15E148 Safari/604.1""",0.6782509684562683
"www.sitgesanytime.com 68.82.33.245 - - [22/Jan/2024:00:31:56 +0100] ""POST /comu/cookies.php HTTP/2.0"" 200 173 ""https://www.sitgesanytime.com/en/pl330/news/calendar/id1077/sant-jordi-2024.htm"" ""Mozilla/5.0 (iPhone; CPU iPhone OS 17_2_1 like Mac OS X) AppleWebKit/605.1.15 (KHTML, like Gecko) Version/17.2 Mobile/15E148 Safari/604.1""",0.6782427430152893
"www.sitgesanytime.com 68.82.33.245 - - [22/Jan/2024:00:31:18 +0100] ""GET /comu/js/lib.maps.js HTTP/2.0"" 200 3600 ""https://www.sitgesanytime.com/en/news/calendar.htm"" ""Mozilla/5.0 (iPhone; CPU iPhone OS 17_2_1 like Mac OS X) AppleWebKit/605.1.15 (KHTML, like Gecko) Version/17.2 Mobile/15E148 Safari/604.1""",0.6782205104827881
"www.sitgesanytime.com 68.82.33.245 - - [22/Jan/2024:00:31:18 +0100] ""GET /plantilles/turisme/img/ico-arrow-up.gif HTTP/2.0"" 200 1409 ""https://www.sitgesanytime.com/en/news/calendar.htm"" ""Mozilla/5.0 (iPhone; CPU iPhone OS 17_2_1 like Mac OS X) AppleWebKit/605.1.15 (KHTML, like Gecko) Version/17.2 Mobile/15E148 Safari/604.1""",0.678213357925415
"www.sitgesanytime.com 68.82.33.245 - - [22/Jan/2024:00:31:18 +0100] ""GET /plantilles/turisme/js/bgvideo.js HTTP/2.0"" 200 5187 ""https://www.sitgesanytime.com/en/news/calendar.htm"" ""Mozilla/5.0 (iPhone; CPU iPhone OS 17_2_1 like Mac OS X) AppleWebKit/605.1.15 (KHTML, like Gecko) Version/17.2 Mobile/15E148 Safari/604.1""",0.6782119274139404
"www.sitgesanytime.com 68.82.33.245 - - [22/Jan/2024:00:31:18 +0100] ""GET /plantilles/turisme/img/ico-menu.gif HTTP/2.0"" 200 1373 ""https://www.sitgesanytime.com/en/news/calendar.htm"" ""Mozilla/5.0 (iPhone; CPU iPhone OS 17_2_1 like Mac OS X) AppleWebKit/605.1.15 (KHTML, like Gecko) Version/17.2 Mobile/15E148 Safari/604.1""",0.6782097816467285
"www.sitgesanytime.com 66.249.70.97 - - [22/Jan/2024:00:32:20 +0100] ""GET /plantilles/turisme/eltemps/eltemps.js HTTP/1.1"" 200 2264 ""https://www.sitgesanytime.com/es/pl409/blog.htm?pg=2"" ""Mozilla/5.0 AppleWebKit/537.36 (KHTML, like Gecko; compatible; Googlebot/2.1; +http://www.google.com/bot.html) Chrome/120.0.6099.199 Safari/537.36""",0.678195059299469
"www.sitgesanytime.com 68.82.33.245 - - [22/Jan/2024:00:31:19 +0100] ""GET /media/site1/cache/images/models-bellesa-maricel-guiada-redim-w480-h480.jpg HTTP/2.0"" 200 18119 ""https://www.sitgesanytime.com/en/news/calendar.htm"" ""Mozilla/5.0 (iPhone; CPU iPhone OS 17_2_1 like Mac OS X) AppleWebKit/605.1.15 (KHTML, like Gecko) Version/17.2 Mobile/15E148 Safari/604.1""",0.6781781911849976
"www.sitgesanytime.com 68.82.33.245 - - [22/Jan/2024:00:31:19 +0100] ""GET /media/site1/cache/images/stampfli-redim-w480-h480.jpg HTTP/2.0"" 200 26936 ""https://www.sitgesanytime.com/en/news/calendar.htm"" ""Mozilla/5.0 (iPhone; CPU iPhone OS 17_2_1 like Mac OS X) AppleWebKit/605.1.15 (KHTML, like Gecko) Version/17.2 Mobile/15E148 Safari/604.1""",0.6781770586967468
"www.sitgesanytime.com 68.82.33.245 - - [22/Jan/2024:00:31:25 +0100] ""GET /plantilles/turisme/img/logo-cat-viles-marineres.gif HTTP/2.0"" 200 9291 ""https://www.sitgesanytime.com/en/news/calendar.htm"" ""Mozilla/5.0 (iPhone; CPU iPhone OS 17_2_1 like Mac OS X) AppleWebKit/605.1.15 (KHTML, like Gecko) Version/17.2 Mobile/15E148 Safari/604.1""",0.6781770586967468
"www.sitgesanytime.com 68.82.33.245 - - [22/Jan/2024:00:31:18 +0100] ""GET /plantilles/turisme/img/icon-select-b.png HTTP/2.0"" 200 279 ""https://www.sitgesanytime.com/en/news/calendar.htm"" ""Mozilla/5.0 (iPhone; CPU iPhone OS 17_2_1 like Mac OS X) AppleWebKit/605.1.15 (KHTML, like Gecko) Version/17.2 Mobile/15E148 Safari/604.1""",0.6781388521194458
"www.sitgesanytime.com 68.82.33.245 - - [22/Jan/2024:00:31:39 +0100] ""GET /media/site1/cache/images/museu-del-cau-ferrat-redim-w480-h480.jpg HTTP/2.0"" 200 39755 ""https://www.sitgesanytime.com/en/pl330/news/calendar.htm?pg=3"" ""Mozilla/5.0 (iPhone; CPU iPhone OS 17_2_1 like Mac OS X) AppleWebKit/605.1.15 (KHTML, like Gecko) Version/17.2 Mobile/15E148 Safari/604.1""",0.6781336069107056
"www.sitgesanytime.com 80.32.126.242 - - [22/Jan/2024:00:33:37 +0100] ""GET /plantilles/turisme/img/ico-list.gif HTTP/2.0"" 200 1287 ""https://www.sitgesanytime.com/es/explora/descubrimos-nuestro-legado/un-paseo-por-el-casco-antiguo.htm"" ""Mozilla/5.0 (iPhone; CPU iPhone OS 17_2_1 like Mac OS X) AppleWebKit/605.1.15 (KHTML, like Gecko) Version/17.2 Mobile/15E148 Safari/604.1""",0.678117573261261
"www.sitgesanytime.com 68.82.33.245 - - [22/Jan/2024:00:31:18 +0100] ""GET /comu/js/FormChek.js HTTP/2.0"" 200 11040 ""https://www.sitgesanytime.com/en/news/calendar.htm"" ""Mozilla/5.0 (iPhone; CPU iPhone OS 17_2_1 like Mac OS X) AppleWebKit/605.1.15 (KHTML, like Gecko) Version/17.2 Mobile/15E148 Safari/604.1""",0.6781131625175476
"www.sitgesanytime.com 68.82.33.245 - - [22/Jan/2024:00:31:18 +0100] ""GET /plantilles/turisme/img/form-data-b.png HTTP/2.0"" 200 381 ""https://www.sitgesanytime.com/en/news/calendar.htm"" ""Mozilla/5.0 (iPhone; CPU iPhone OS 17_2_1 like Mac OS X) AppleWebKit/605.1.15 (KHTML, like Gecko) Version/17.2 Mobile/15E148 Safari/604.1""",0.6781100630760193
"www.sitgesanytime.com 68.82.33.245 - - [22/Jan/2024:00:31:18 +0100] ""GET /comu/js/jquery.masonry.min.js HTTP/2.0"" 200 7040 ""https://www.sitgesanytime.com/en/news/calendar.htm"" ""Mozilla/5.0 (iPhone; CPU iPhone OS 17_2_1 like Mac OS X) AppleWebKit/605.1.15 (KHTML, like Gecko) Version/17.2 Mobile/15E148 Safari/604.1""",0.6781056523323059
"www.sitgesanytime.com 168.119.68.238 - - [22/Jan/2024:14:58:25 +0100] ""GET /plantilles/turisme/css/estils-screen.css?v=16 HTTP/2.0"" 200 5688 ""https://www.sitgesanytime.com/de/pag492/pl96/explora-platges-i-ports-2/id2/balmins.htm"" ""Mozilla/5.0 (compatible; AhrefsBot/7.0; +http://ahrefs.com/robot/)""",0.6781007647514343
"www.sitgesanytime.com 168.119.68.238 - - [22/Jan/2024:14:58:25 +0100] ""GET /plantilles/turisme/css/estils-mw900.css?v=8 HTTP/2.0"" 200 2344 ""https://www.sitgesanytime.com/de/pag492/pl96/explora-platges-i-ports-2/id2/balmins.htm"" ""Mozilla/5.0 (compatible; AhrefsBot/7.0; +http://ahrefs.com/robot/)""",0.6780992746353149
"www.sitgesanytime.com 68.82.33.245 - - [22/Jan/2024:00:31:18 +0100] ""GET /comu/fancybox/helpers/jquery.fancybox-thumbs.css?v=1.0.7 HTTP/2.0"" 200 363 ""https://www.sitgesanytime.com/en/news/calendar.htm"" ""Mozilla/5.0 (iPhone; CPU iPhone OS 17_2_1 like Mac OS X) AppleWebKit/605.1.15 (KHTML, like Gecko) Version/17.2 Mobile/15E148 Safari/604.1""",0.6780720353126526
"www.sitgesanytime.com 68.82.33.245 - - [22/Jan/2024:00:31:18 +0100] ""GET /plantilles/turisme/css/font/Brushways.woff HTTP/2.0"" 200 160009 ""https://www.sitgesanytime.com/en/news/calendar.htm"" ""Mozilla/5.0 (iPhone; CPU iPhone OS 17_2_1 like Mac OS X) AppleWebKit/605.1.15 (KHTML, like Gecko) Version/17.2 Mobile/15E148 Safari/604.1""",0.6780520677566528
"www.sitgesanytime.com 94.25.172.246 - - [22/Jan/2024:00:33:19 +0100] ""GET /ca/pl409/blog/id115/coses-inusuals-per-fer-a-sitges.htm HTTP/1.0"" 200 58185 ""https://www.sitgesanytime.com/ca/pl409/blog/id115/coses-inusuals-per-fer-a-sitges.htm"" ""Mozilla/5.0 (Windows NT 10.0; Win64; x64) AppleWebKit/537.36 (KHTML, like Gecko) Chrome/103.0.5060.53 Safari/537.36""",0.67804354429245
"www.sitgesanytime.com 66.249.70.97 - - [22/Jan/2024:00:32:17 +0100] ""GET /comu/js/jquery.mask.js HTTP/1.1"" 200 5509 ""https://www.sitgesanytime.com/es/pl409/blog.htm?pg=2"" ""Mozilla/5.0 AppleWebKit/537.36 (KHTML, like Gecko; compatible; Googlebot/2.1; +http://www.google.com/bot.html) Chrome/120.0.6099.199 Safari/537.36""",0.6780371069908142
"www.sitgesanytime.com 66.249.70.97 - - [22/Jan/2024:00:32:15 +0100] ""GET /plantilles/turisme/css/estils-mw1200.css?v=7 HTTP/1.1"" 200 719 ""https://www.sitgesanytime.com/es/pl409/blog.htm?pg=2"" ""Mozilla/5.0 AppleWebKit/537.36 (KHTML, like Gecko; compatible; Googlebot/2.1; +http://www.google.com/bot.html) Chrome/120.0.6099.199 Safari/537.36""",0.6780297160148621
"www.sitgesanytime.com 68.82.33.245 - - [22/Jan/2024:00:31:19 +0100] ""GET /media/site1/cache/images/logo-pequeno-color-300x300-redim-w480-h480.png HTTP/2.0"" 200 70518 ""https://www.sitgesanytime.com/en/news/calendar.htm"" ""Mozilla/5.0 (iPhone; CPU iPhone OS 17_2_1 like Mac OS X) AppleWebKit/605.1.15 (KHTML, like Gecko) Version/17.2 Mobile/15E148 Safari/604.1""",0.6780117750167847
"www.sitgesanytime.com 68.82.33.245 - - [22/Jan/2024:00:31:31 +0100] ""GET /media/site1/cache/images/sitgestiu-cultural-23-redim-w480-h480.jpeg HTTP/2.0"" 200 27762 ""https://www.sitgesanytime.com/en/pl330/news/calendar.htm?pg=4"" ""Mozilla/5.0 (iPhone; CPU iPhone OS 17_2_1 like Mac OS X) AppleWebKit/605.1.15 (KHTML, like Gecko) Version/17.2 Mobile/15E148 Safari/604.1""",0.6779654622077942
"www.sitgesanytime.com 68.82.33.245 - - [22/Jan/2024:00:31:18 +0100] ""GET /comu/js/jquery.hoverIntent.minified.js HTTP/2.0"" 200 1001 ""https://www.sitgesanytime.com/en/news/calendar.htm"" ""Mozilla/5.0 (iPhone; CPU iPhone OS 17_2_1 like Mac OS X) AppleWebKit/605.1.15 (KHTML, like Gecko) Version/17.2 Mobile/15E148 Safari/604.1""",0.6779465675354004
"www.sitgesanytime.com 68.82.33.245 - - [22/Jan/2024:00:31:19 +0100] ""GET /media/site1/cache/images/nuria-espachs-redim-w480-h480.jpg HTTP/2.0"" 200 45677 ""https://www.sitgesanytime.com/en/news/calendar.htm"" ""Mozilla/5.0 (iPhone; CPU iPhone OS 17_2_1 like Mac OS X) AppleWebKit/605.1.15 (KHTML, like Gecko) Version/17.2 Mobile/15E148 Safari/604.1""",0.6779381036758423
"www.sitgesanytime.com 68.82.33.245 - - [22/Jan/2024:00:31:18 +0100] ""GET /comu/fancybox/jquery.fancybox.old.js HTTP/2.0"" 200 13959 ""https://www.sitgesanytime.com/en/news/calendar.htm"" ""Mozilla/5.0 (iPhone; CPU iPhone OS 17_2_1 like Mac OS X) AppleWebKit/605.1.15 (KHTML, like Gecko) Version/17.2 Mobile/15E148 Safari/604.1""",0.6779050230979919
"www.sitgesanytime.com 68.82.33.245 - - [22/Jan/2024:00:31:18 +0100] ""GET /plantilles/turisme/css/estils-mw800.css?v=11 HTTP/2.0"" 200 3914 ""https://www.sitgesanytime.com/en/news/calendar.htm"" ""Mozilla/5.0 (iPhone; CPU iPhone OS 17_2_1 like Mac OS X) AppleWebKit/605.1.15 (KHTML, like Gecko) Version/17.2 Mobile/15E148 Safari/604.1""",0.677869439125061
"www.sitgesanytime.com 68.82.33.245 - - [22/Jan/2024:00:31:18 +0100] ""GET /plantilles/turisme/css/estils-screen.css?v=16 HTTP/2.0"" 200 5688 ""https://www.sitgesanytime.com/en/news/calendar.htm"" ""Mozilla/5.0 (iPhone; CPU iPhone OS 17_2_1 like Mac OS X) AppleWebKit/605.1.15 (KHTML, like Gecko) Version/17.2 Mobile/15E148 Safari/604.1""",0.6778393387794495
"www.sitgesanytime.com 68.82.33.245 - - [22/Jan/2024:00:31:18 +0100] ""GET /comu/flowplayer/flowplayer.min.js HTTP/2.0"" 200 53407 ""https://www.sitgesanytime.com/en/news/calendar.htm"" ""Mozilla/5.0 (iPhone; CPU iPhone OS 17_2_1 like Mac OS X) AppleWebKit/605.1.15 (KHTML, like Gecko) Version/17.2 Mobile/15E148 Safari/604.1""",0.6777834296226501
"www.sitgesanytime.com 47.76.35.19 - - [22/Jan/2024:14:58:43 +0100] ""GET /fr/pl409/blog/id100/sitges-diumeng.htm?cat_409=445 HTTP/1.1"" 200 13389 ""-"" ""Mozilla/5.0 (Windows NT 6.0; Win64; x64) AppleWebKit/537.36 (KHTML, like Gecko) Chrome/76.0.2614.47 Safari/537.36""",0.6777622699737549
"www.sitgesanytime.com 68.82.33.245 - - [22/Jan/2024:00:31:19 +0100] ""GET /media/site1/cache/images/claustre-palau-maricel-redim-w480-h480.jpg HTTP/2.0"" 200 35198 ""https://www.sitgesanytime.com/en/news/calendar.htm"" ""Mozilla/5.0 (iPhone; CPU iPhone OS 17_2_1 like Mac OS X) AppleWebKit/605.1.15 (KHTML, like Gecko) Version/17.2 Mobile/15E148 Safari/604.1""",0.6777570247650146
